season,team,opening_day_payroll_usd,wins,prorated_wins,runs_scored,runs_allowed,pyth_wpct,pyth_wins_162,dollars_per_win,predicted_wins,wins_above_expected,season_slope,season_intercept,season_r2,made_playoffs
2000,Minnesota Twins,16519500,69,69.0,748,880,0.4218580683978258,68.34100708044778,239413.0434782609,72.95635355349172,-4.615346473043942,7.094060214990803,53.06076726789287,0.11233990938083482,False
2000,Miami Marlins,20072000,79,79.0,731,797,0.4588696141465938,74.3368774917482,254075.9493670886,74.33816516176975,-0.001287670021554277,7.094060214990803,53.06076726789287,0.11233990938083482,False
2000,Kansas City Royals,23433000,77,77.0,879,930,0.4718478730276797,76.43935543048411,304324.67532467534,75.43646384861395,1.0028915818701591,7.094060214990803,53.06076726789287,0.11233990938083482,False
2000,Chicago White Sox,31133500,95,95.0,978,839,0.5761019016185507,93.32850806220522,327721.05263157893,77.45216390778481,15.876344154420408,7.094060214990803,53.06076726789287,0.11233990938083482,True
2000,Oakland Athletics,31971333,91,91.0,947,813,0.5751968503789275,93.18188976138626,351333.3296703297,77.64054843378325,15.541341327603007,7.094060214990803,53.06076726789287,0.11233990938083482,True
2000,Pittsburgh Pirates,28928333,69,69.0,793,888,0.4448651223316451,72.0681498177265,419251.2028985507,76.93101356953763,-4.862863751811119,7.094060214990803,53.06076726789287,0.11233990938083482,False
2000,Milwaukee Brewers,36505333,73,73.0,740,826,0.4474849654940532,72.49256441003662,500073.05479452055,78.58135349113996,-6.088789081103343,7.094060214990803,53.06076726789287,0.11233990938083482,False
2000,Washington Nationals,34807833,67,67.0,738,902,0.4037283848008848,65.40399833774335,519519.8955223881,78.24356334531775,-12.839565007574407,7.094060214990803,53.06076726789287,0.11233990938083482,False
2000,Cincinnati Reds,46867200,85,85.0,825,765,0.5362941013427049,86.87964441751821,551378.8235294118,80.3538733258488,6.525771091669412,7.094060214990803,53.06076726789287,0.11233990938083482,False
2000,San Francisco Giants,53737826,97,97.0,925,747,0.6029180299705305,97.67272085522592,553998.206185567,81.32433422173112,16.348386633494798,7.094060214990803,53.06076726789287,0.11233990938083482,True
2000,Toronto Blue Jays,46238333,83,83.0,861,908,0.4736362994286975,76.729080507449,557088.3493975904,80.25804039164194,-3.5289598841929433,7.094060214990803,53.06076726789287,0.11233990938083482,False
2000,Los Angeles Angels,51464167,82,82.0,864,869,0.4971519846059513,80.53862150616412,627611.7926829269,81.01764828515985,-0.4790267789957312,7.094060214990803,53.06076726789287,0.11233990938083482,False
2000,St. Louis Cardinals,61453863,95,95.0,887,771,0.5678818561685215,91.99686069930048,646882.7684210526,82.27614108718836,9.72071961211212,7.094060214990803,53.06076726789287,0.11233990938083482,True
2000,Seattle Mariners,58915000,91,91.0,907,780,0.5733478830734456,92.8823570578982,647417.5824175824,81.97683579847026,10.905521259427942,7.094060214990803,53.06076726789287,0.11233990938083482,True
2000,Houston Astros,51289111,72,72.0,938,944,0.496777580214182,80.4779679946975,712348.7638888889,80.99347661821861,-0.5155086235211144,7.094060214990803,53.06076726789287,0.11233990938083482,False
2000,San Diego Padres,54821000,76,76.0,752,815,0.4614992533784886,74.76287904731515,721328.947368421,81.4659045919427,-6.70302554462755,7.094060214990803,53.06076726789287,0.11233990938083482,False
2000,Philadelphia Phillies,47308000,65,65.0,708,830,0.4247509471613013,68.80965344013082,727815.3846153846,80.42028326348299,-11.61062982335217,7.094060214990803,53.06076726789287,0.11233990938083482,False
2000,Detroit Tigers,58265167,79,79.0,823,827,0.4976404414352755,80.61775151251463,737533.7594936709,81.89815351275458,-1.2804020002399454,7.094060214990803,53.06076726789287,0.11233990938083482,False
2000,Colorado Rockies,61111190,82,82.0,968,897,0.5383231199683872,87.20834543487872,745258.4146341464,82.23647318560293,4.9718722492757905,7.094060214990803,53.06076726789287,0.11233990938083482,False
2000,Cleveland Guardians,75880871,90,90.0,950,816,0.5748851899085899,93.13140076519156,843120.7888888889,83.77212178868415,9.359278976507412,7.094060214990803,53.06076726789287,0.11233990938083482,False
2000,New York Mets,79509776,94,94.0,807,738,0.5425812124803345,87.89815642181419,845848.6808510638,84.10352335841137,3.794633063402827,7.094060214990803,53.06076726789287,0.11233990938083482,True
2000,Atlanta Braves,84537836,95,95.0,810,714,0.5597226809447262,90.67507431304564,889871.9578947368,84.53852556058766,6.136548752457983,7.094060214990803,53.06076726789287,0.11233990938083482,True
2000,Tampa Bay Rays,62765129,69,69.0,733,842,0.4337010958583974,70.25957752906038,909639.5507246376,82.42591762864423,-12.166340099583849,7.094060214990803,53.06076726789287,0.11233990938083482,False
2000,Boston Red Sox,77940333,85,85.0,792,745,0.5291394665887575,85.72059358737872,916945.094117647,83.96209326373368,1.7585003236450376,7.094060214990803,53.06076726789287,0.11233990938083482,False
2000,Chicago Cubs,60539333,65,65.0,764,904,0.4185892513868572,67.81145872467087,931374.3538461538,82.16977691871315,-14.358318194042283,7.094060214990803,53.06076726789287,0.11233990938083482,False
2000,Arizona Diamondbacks,81027833,85,85.0,792,754,0.5234684645467683,84.80189125657647,953268.6235294116,84.23769140584585,0.564199850730617,7.094060214990803,53.06076726789287,0.11233990938083482,False
2000,Texas Rangers,70795921,71,71.0,848,974,0.4310778352795414,69.83460931528572,997125.647887324,83.28005480440186,-13.445445489116139,7.094060214990803,53.06076726789287,0.11233990938083482,False
2000,Los Angeles Dodgers,88124286,86,86.0,798,729,0.5429374161725421,87.95586141995182,1024701.0,84.83327639541909,3.122585024532725,7.094060214990803,53.06076726789287,0.11233990938083482,False
2000,New York Yankees,92538260,87,87.0,871,814,0.5331473175072651,86.36986543617694,1063658.1609195403,85.17999164795444,1.1898737882224992,7.094060214990803,53.06076726789287,0.11233990938083482,True
2000,Baltimore Orioles,81447435,74,74.0,794,913,0.4317986041991966,69.95137388026984,1100641.0135135136,84.27433314841713,-14.322959268147287,7.094060214990803,53.06076726789287,0.11233990938083482,False
2001,Minnesota Twins,24350000,85,85.0,771,766,0.5031024635676574,81.5025990979605,286470.5882352941,74.17071645897116,7.331882638989342,7.6274497530690875,49.81984019161905,0.06748832976045005,False
2001,Oakland Athletics,33810750,102,102.0,884,645,0.6457316735945547,104.60853112231788,331477.9411764706,76.674403574645,27.934127547672887,7.6274497530690875,49.81984019161905,0.06748832976045005,True
2001,Miami Marlins,35504167,76,76.0,742,744,0.4987287847149211,80.79406312381722,467160.09210526315,77.04716673562662,3.7468963881906063,7.6274497530690875,49.81984019161905,0.06748832976045005,False
2001,Philadelphia Phillies,41664167,86,86.0,746,719,0.5173314892893044,83.8077012648673,484467.0581395349,78.26749298533345,5.540208279533857,7.6274497530690875,49.81984019161905,0.06748832976045005,False
2001,San Diego Padres,38333117,79,79.0,789,812,0.4861402747386686,78.75472450766432,485229.32911392406,77.63191850704433,1.1228060006199883,7.6274497530690875,49.81984019161905,0.06748832976045005,False
2001,Washington Nationals,34774500,68,68.0,670,812,0.4102738780608284,66.4643682458542,511389.70588235295,76.88877732362275,-10.424409077768544,7.6274497530690875,49.81984019161905,0.06748832976045005,False
2001,Kansas City Royals,35643000,65,65.0,729,858,0.4222255612891185,68.40054092883719,548353.8461538461,77.07693441634504,-8.676393487507852,7.6274497530690875,49.81984019161905,0.06748832976045005,False
2001,Los Angeles Angels,46568180,75,75.0,691,730,0.4744239135634775,76.85667399728335,620909.0666666667,79.11624523998088,-2.2595712426975325,7.6274497530690875,49.81984019161905,0.06748832976045005,False
2001,Milwaukee Brewers,43089333,68,68.0,740,806,0.459282789188829,74.40381184859031,633666.6617647059,78.52403476338006,-4.12022291478975,7.6274497530690875,49.81984019161905,0.06748832976045005,False
2001,Houston Astros,60382667,93,93.0,847,769,0.5466004883885068,88.5492791189381,649275.9892473118,81.09773936253994,7.451539756398162,7.6274497530690875,49.81984019161905,0.06748832976045005,True
2001,Seattle Mariners,75652500,116,116.0,927,627,0.6787797839023304,109.96232499217751,652176.724137931,82.81733565249006,27.144989339687456,7.6274497530690875,49.81984019161905,0.06748832976045005,True
2001,Cincinnati Reds,45227882,66,66.0,735,850,0.4305198232916129,69.7442113732413,685270.9393939395,78.89349533146972,-9.149283958228423,7.6274497530690875,49.81984019161905,0.06748832976045005,False
2001,San Francisco Giants,63332667,90,90.0,799,748,0.5314692034666385,86.09801096159543,703696.3,81.46156237602442,4.636448585571017,7.6274497530690875,49.81984019161905,0.06748832976045005,False
2001,Chicago Cubs,64015833,88,88.0,777,701,0.5483834732310757,88.83812266343426,727452.6477272727,81.54339866502599,7.294723998408273,7.6274497530690875,49.81984019161905,0.06748832976045005,False
2001,Chicago White Sox,62363000,83,83.0,798,795,0.501814592904933,81.29396405059914,751361.4457831326,81.34387760263279,-0.04991355203364378,7.6274497530690875,49.81984019161905,0.06748832976045005,False
2001,Detroit Tigers,49831167,66,66.0,724,876,0.4090921432382387,66.27292720459468,755017.6818181818,79.63280021230167,-13.359873007706994,7.6274497530690875,49.81984019161905,0.06748832976045005,False
2001,St. Louis Cardinals,77270855,93,93.0,814,684,0.5816268263388606,94.22354586689542,830869.4086021505,82.978781002635,11.244764864260418,7.6274497530690875,49.81984019161905,0.06748832976045005,True
2001,Pittsburgh Pirates,52698333,62,62.0,657,858,0.3758913329964524,60.89439594542529,849973.1129032258,80.05950409466702,-19.165108149241732,7.6274497530690875,49.81984019161905,0.06748832976045005,False
2001,Arizona Diamondbacks,81206513,92,92.0,818,677,0.5885579621137431,95.34638986242638,882679.4891304348,83.35770207621918,11.988687786207194,7.6274497530690875,49.81984019161905,0.06748832976045005,True
2001,Tampa Bay Rays,54951602,62,62.0,672,887,0.3701353388227849,59.96192488929116,886316.1612903225,80.3788578725271,-20.416932983235945,7.6274497530690875,49.81984019161905,0.06748832976045005,False
2001,Toronto Blue Jays,75798500,80,80.0,767,753,0.5087554936667639,82.41838997401575,947481.25,82.83204150466551,-0.41365153064975857,7.6274497530690875,49.81984019161905,0.06748832976045005,False
2001,Colorado Rockies,71068000,73,73.0,923,906,0.5093173406528109,82.50940918575536,973534.2465753424,82.34051843429907,0.1688907514562885,7.6274497530690875,49.81984019161905,0.06748832976045005,False
2001,Cleveland Guardians,91974979,91,91.0,897,821,0.5434777046740916,88.04338815720284,1010714.0549450548,84.3074806573126,3.7359074998902457,7.6274497530690875,49.81984019161905,0.06748832976045005,True
2001,Atlanta Braves,91851687,88,88.0,729,643,0.5576814416932349,90.34439355430403,1043769.1704545454,84.29724923989718,6.04714431440685,7.6274497530690875,49.81984019161905,0.06748832976045005,True
2001,New York Mets,93174428,82,82.0,642,713,0.4519074214281395,73.2090022713586,1136273.512195122,84.40630749251832,-11.197305221159723,7.6274497530690875,49.81984019161905,0.06748832976045005,False
2001,Baltimore Orioles,72426328,63,63.0,687,829,0.4115410135281218,66.66964419155573,1149624.253968254,82.48492676301643,-15.815282571460699,7.6274497530690875,49.81984019161905,0.06748832976045005,False
2001,New York Yankees,109791893,95,95.0,804,713,0.5570183586108456,90.236974094957,1155704.1368421053,85.6580740960926,4.578899998864401,7.6274497530690875,49.81984019161905,0.06748832976045005,True
2001,Texas Rangers,88504421,73,73.0,890,968,0.4577987745626389,74.1634014791475,1212389.3287671234,84.01409791821283,-9.85069643906533,7.6274497530690875,49.81984019161905,0.06748832976045005,False
2001,Los Angeles Dodgers,108980952,86,86.0,758,744,0.5088301684785269,82.43048729352137,1267220.3720930233,85.60152740667193,-3.1710401131505677,7.6274497530690875,49.81984019161905,0.06748832976045005,False
2001,Boston Red Sox,109558908,82,82.0,772,745,0.5169360338855576,83.74363748946034,1336084.243902439,85.64187099092129,-1.8982335014609504,7.6274497530690875,49.81984019161905,0.06748832976045005,False
2002,Oakland Athletics,39679746,103,103.0,800,654,0.593457410706043,96.14010053437896,385240.2524271845,71.82273764407725,24.31736289030171,19.9672521419809,-1.6735403250848926,0.27365203793851767,True
2002,Minnesota Twins,40225000,94,94.0,768,712,0.5357165467518901,86.78608057380619,427925.5319148936,72.0952469413165,14.690833632489685,19.9672521419809,-1.6735403250848926,0.27365203793851767,True
2002,Washington Nationals,38670500,83,83.0,735,718,0.5109784933789971,82.77851592739754,465909.6385542169,71.30830444021814,11.470211487179398,19.9672521419809,-1.6735403250848926,0.27365203793851767,False
2002,Miami Marlins,41979917,79,79.0,699,763,0.4589125763198514,74.34383736381592,531391.3544303797,72.94790140878365,1.3959359550322716,19.9672521419809,-1.6735403250848926,0.27365203793851767,False
2002,Cincinnati Reds,45050390,78,78.0,709,774,0.4586936980214009,74.30837907946695,577569.1025641026,74.35739580365778,-0.04901672419083525,19.9672521419809,-1.6735403250848926,0.27365203793851767,False
2002,Pittsburgh Pirates,42323598,72,72.0,641,730,0.4401836900831661,71.30975779347291,587827.75,73.11070371187381,-1.800945918400899,19.9672521419809,-1.6735403250848926,0.27365203793851767,False
2002,Los Angeles Angels,61721667,99,99.0,851,644,0.6288790334342081,101.87840341634173,623451.1818181818,80.64415293215406,21.23425048418767,19.9672521419809,-1.6735403250848926,0.27365203793851767,True
2002,Tampa Bay Rays,34380000,55,55.0,673,918,0.3545447198421662,57.43624461443092,625090.9090909091,68.96011494496454,-11.523870330533626,19.9672521419809,-1.6735403250848926,0.27365203793851767,False
2002,San Diego Padres,41425000,66,66.0,662,815,0.4032148778509438,65.3208102118529,627651.5151515151,72.68220169820877,-7.3613914863558705,19.9672521419809,-1.6735403250848926,0.27365203793851767,False
2002,Chicago White Sox,57052833,81,81.0,856,798,0.5341156900962828,86.52674179559781,704355.9629629629,79.07358273166805,7.4531590639297605,19.9672521419809,-1.6735403250848926,0.27365203793851767,False
2002,Philadelphia Phillies,57955000,80,80.0,710,724,0.4908570813603837,79.51884718038217,724437.5,79.38685122820773,0.13199595217443516,19.9672521419809,-1.6735403250848926,0.27365203793851767,False
2002,Houston Astros,63448417,84,84.0,749,695,0.5349907809194104,86.66850650894449,755338.2976190476,81.19509352375864,5.4734129851858455,19.9672521419809,-1.6735403250848926,0.27365203793851767,False
2002,Kansas City Royals,47257000,62,62.0,737,891,0.4090319734552646,66.26317969975287,762209.6774193548,75.31221282993029,-9.04903313017742,19.9672521419809,-1.6735403250848926,0.27365203793851767,False
2002,St. Louis Cardinals,74098267,97,97.0,787,648,0.5898748671546858,95.5597284790591,763899.6597938144,84.29331019852575,11.266418280533358,19.9672521419809,-1.6735403250848926,0.27365203793851767,True
2002,Colorado Rockies,56851043,73,73.0,778,898,0.4303337360254975,69.7140652361306,778781.4109589041,79.00283542847804,-9.288770192347442,19.9672521419809,-1.6735403250848926,0.27365203793851767,False
2002,San Francisco Giants,78299835,95,95.0,783,616,0.6097269391535435,98.77576414287404,824208.7894736842,85.39457106443248,13.381193078441555,19.9672521419809,-1.6735403250848926,0.27365203793851767,True
2002,Seattle Mariners,80282668,93,93.0,814,699,0.5718022282116462,92.63196097028668,863254.4946236559,85.89391732430431,6.738043645982373,19.9672521419809,-1.6735403250848926,0.27365203793851767,False
2002,Milwaukee Brewers,50287833,56,56.0,627,821,0.3762570115576101,60.953635872332846,897997.0178571428,76.55342450678428,-15.599788634451436,19.9672521419809,-1.6735403250848926,0.27365203793851767,False
2002,Baltimore Orioles,60493487,67,67.0,667,773,0.4314082283691118,69.88813299579613,902887.8656716418,80.2428245450702,-10.35469154927408,19.9672521419809,-1.6735403250848926,0.27365203793851767,False
2002,Atlanta Braves,93470367,101,101.0,708,565,0.600882963762698,97.34304012955708,925449.1782178218,88.93075065014818,8.412289479408898,19.9672521419809,-1.6735403250848926,0.27365203793851767,True
2002,Toronto Blue Jays,76864333,78,78.0,813,828,0.4911177203801153,79.56107070157869,985440.1666666666,85.02510627684339,-5.4640355752647025,19.9672521419809,-1.6735403250848926,0.27365203793851767,False
2002,Detroit Tigers,55048000,55,55.0,575,864,0.3178845514634854,51.49729733708464,1000872.7272727272,78.35931016724864,-26.862012830163998,19.9672521419809,-1.6735403250848926,0.27365203793851767,False
2002,Los Angeles Dodgers,94850952,92,92.0,713,643,0.5473932589691595,88.67770795300383,1030988.6086956522,89.22351604497634,-0.5458080919725035,19.9672521419809,-1.6735403250848926,0.27365203793851767,False
2002,Arizona Diamondbacks,102820000,98,98.0,819,674,0.5911161923961553,95.76082316817715,1049183.6734693877,90.83433723992967,4.926485928247487,19.9672521419809,-1.6735403250848926,0.27365203793851767,True
2002,Cleveland Guardians,78909448,74,74.0,739,837,0.4404743837920357,71.35685017430978,1066343.8918918918,85.54942651900389,-14.192576344694103,19.9672521419809,-1.6735403250848926,0.27365203793851767,False
2002,Chicago Cubs,75690833,67,67.0,706,759,0.4660068080218977,75.49310289954742,1129713.9253731344,84.71791205747269,-9.224809157925264,19.9672521419809,-1.6735403250848926,0.27365203793851767,False
2002,Boston Red Sox,108366060,93,93.0,859,665,0.6194169407632557,100.34554440364742,1165226.4516129033,91.88331790387474,8.462226499772683,19.9672521419809,-1.6735403250848926,0.27365203793851767,False
2002,New York Yankees,125928583,103,103.0,897,697,0.6194239212892917,100.34667524886524,1222607.6019417476,94.88239926191483,5.464275986950412,19.9672521419809,-1.6735403250848926,0.27365203793851767,True
2002,New York Mets,94633593,75,75.0,690,703,0.4913326509565097,79.59588945495457,1261781.24,89.17770688558595,-9.581817430631375,19.9672521419809,-1.6735403250848926,0.27365203793851767,False
2002,Texas Rangers,105302124,72,72.0,843,882,0.4777228530481165,77.39110219379488,1462529.5,91.31063014722865,-13.919527953433771,19.9672521419809,-1.6735403250848926,0.27365203793851767,False
2003,Tampa Bay Rays,19630000,63,63.0,715,852,0.4167237912061506,67.50925417539639,311587.3015873016,65.65735859935218,1.851895576044214,12.7769795269294,27.619536599990933,0.1805262264658335,False
2003,Kansas City Royals,40518000,83,83.0,836,867,0.482126577063681,78.10450548431632,488168.6746987952,74.91667354222703,3.1878319420892893,12.7769795269294,27.619536599990933,0.1805262264658335,False
2003,Oakland Athletics,50260834,96,96.0,768,643,0.5819115827936142,94.2696764125655,523550.3541666667,77.669854610291,16.599821802274505,12.7769795269294,27.619536599990933,0.1805262264658335,True
2003,Miami Marlins,49050000,91,91.0,751,692,0.5382408511409065,87.19501788482685,539010.989010989,77.35827595826628,9.836741926560578,12.7769795269294,27.619536599990933,0.1805262264658335,True
2003,Chicago White Sox,51010000,86,86.0,791,715,0.5477427605529301,88.73432720957469,593139.5348837209,77.85889725728462,10.875429952290062,12.7769795269294,27.619536599990933,0.1805262264658335,False
2003,Toronto Blue Jays,51269000,86,86.0,894,826,0.538883464246586,87.29912120794692,596151.1627906977,77.92360740836128,9.375513799585647,12.7769795269294,27.619536599990933,0.1805262264658335,False
2003,Milwaukee Brewers,40627000,68,68.0,714,873,0.4044325106711818,65.51806672873145,597455.8823529412,74.9509995415144,-9.432932812782951,12.7769795269294,27.619536599990933,0.1805262264658335,False
2003,Minnesota Twins,55505000,90,90.0,801,758,0.526394572614819,85.27592076360068,616722.2222222222,78.93793125584043,6.3379895077602555,12.7769795269294,27.619536599990933,0.1805262264658335,True
2003,Washington Nationals,51948500,83,83.0,711,716,0.4967288497867212,80.47007366544885,625885.5421686746,78.09183630389444,2.3782373615544117,12.7769795269294,27.619536599990933,0.1805262264658335,False
2003,Cleveland Guardians,48584834,68,68.0,699,778,0.4496915862074527,72.85003696560733,714482.8529411765,77.23652716870892,-4.386490203101587,12.7769795269294,27.619536599990933,0.1805262264658335,False
2003,Pittsburgh Pirates,54812429,75,75.0,753,801,0.4704737397228638,76.21674583510394,730832.3866666667,78.77750181461985,-2.5607559795159176,12.7769795269294,27.619536599990933,0.1805262264658335,False
2003,San Diego Padres,47928000,64,64.0,678,831,0.4046607211214002,65.55503682166683,748875.0,77.0626128032068,-11.507575981539972,12.7769795269294,27.619536599990933,0.1805262264658335,False
2003,Houston Astros,71040000,87,87.0,805,677,0.5809981070451149,94.1216933413086,816551.724137931,82.09090639019837,12.03078695111023,12.7769795269294,27.619536599990933,0.1805262264658335,False
2003,Philadelphia Phillies,70780000,86,86.0,791,697,0.5594864584957675,90.63680627631432,823023.2558139535,82.04405801339959,8.592748262914725,12.7769795269294,27.619536599990933,0.1805262264658335,False
2003,San Francisco Giants,82852167,100,100.0,755,638,0.5775645776690084,93.56546158237936,828521.67,84.05619494776036,9.509266634618996,12.7769795269294,27.619536599990933,0.1805262264658335,True
2003,Cincinnati Reds,59355667,69,69.0,694,886,0.3847156957927793,62.323942718430246,860227.0579710145,79.79494069408294,-17.470997975652693,12.7769795269294,27.619536599990933,0.1805262264658335,False
2003,Chicago Cubs,79868333,88,88.0,724,683,0.52707617244845,85.3863399366489,907594.6931818182,83.58755504160516,1.7987848950437382,12.7769795269294,27.619536599990933,0.1805262264658335,True
2003,Colorado Rockies,67179667,74,74.0,853,892,0.4779050482666319,77.42061781919436,907833.337837838,81.37702496771146,-3.9564071485171013,12.7769795269294,27.619536599990933,0.1805262264658335,False
2003,Seattle Mariners,86959167,93,93.0,795,637,0.6020786567679509,97.53674239640804,935044.8064516129,84.67435498420902,12.862387412199027,12.7769795269294,27.619536599990933,0.1805262264658335,False
2003,Arizona Diamondbacks,80640333,84,84.0,717,685,0.5211920521210693,84.43311244361323,960003.9642857144,83.71046310012478,0.7226493434884418,12.7769795269294,27.619536599990933,0.1805262264658335,False
2003,St. Louis Cardinals,83486666,85,85.0,876,796,0.5466475303495756,88.55689991663124,982196.0705882352,84.15367092383754,4.4032289927937,12.7769795269294,27.619536599990933,0.1805262264658335,False
2003,Los Angeles Angels,79031667,77,77.0,736,743,0.495535820697901,80.27680295305997,1026385.2857142856,83.45300295670779,-3.1762000036478213,12.7769795269294,27.619536599990933,0.1805262264658335,False
2003,Baltimore Orioles,73877500,71,71.0,743,820,0.4528915455644052,73.36843038143365,1040528.1690140844,82.59131957130698,-9.222889189873328,12.7769795269294,27.619536599990933,0.1805262264658335,False
2003,Atlanta Braves,106243667,101,101.0,907,740,0.5977071598262826,96.8285598918578,1051917.495049505,87.23353974535867,9.595020146499124,12.7769795269294,27.619536599990933,0.1805262264658335,True
2003,Boston Red Sox,99946500,95,95.0,961,809,0.5846729653118576,94.71702038052094,1052068.4210526317,86.45286427114159,8.264156109379343,12.7769795269294,27.619536599990933,0.1805262264658335,True
2003,Detroit Tigers,49168000,43,43.0,591,928,0.2978097474980763,48.24517909468836,1143441.8604651163,77.38897673225,-29.14379763756164,12.7769795269294,27.619536599990933,0.1805262264658335,False
2003,Los Angeles Dodgers,105872620,85,85.0,574,556,0.5139056565264063,83.25271635727782,1245560.2352941176,87.18883912547571,-3.9361227681978903,12.7769795269294,27.619536599990933,0.1805262264658335,False
2003,Texas Rangers,103491667,71,71.0,826,969,0.4210593820408312,68.21161989061467,1457629.1126760563,86.89821936667404,-18.68659947605937,12.7769795269294,27.619536599990933,0.1805262264658335,False
2003,New York Yankees,152749814,101,101.0,877,716,0.5964917207458812,96.63165876083276,1512374.396039604,91.8724288820369,4.759229878795864,12.7769795269294,27.619536599990933,0.1805262264658335,True
2003,New York Mets,117176429,66,66.0,642,754,0.4258273861643503,68.98403655862475,1775400.4393939397,88.48498787717587,-19.500951318551117,12.7769795269294,27.619536599990933,0.1805262264658335,False
2004,Milwaukee Brewers,27518500,67,67.0,634,757,0.4184242581167046,67.78472981490616,410723.8805970149,69.67724441087444,-1.8925145959682794,13.832812922549069,23.823426835897056,0.27740823103048284,False
2004,Tampa Bay Rays,29506667,70,70.0,714,842,0.4216023366159979,68.29957853179165,421523.8142857143,70.64219006816707,-2.342611536375415,13.832812922549069,23.823426835897056,0.27740823103048284,False
2004,Cleveland Guardians,34569300,80,80.0,858,857,0.5005738636720873,81.09296591487815,432116.25,72.83261277343092,8.260353141447226,13.832812922549069,23.823426835897056,0.27740823103048284,False
2004,Pittsburgh Pirates,32227929,72,72.0,680,744,0.4580618344619545,74.20601718283663,447610.125,71.86248207914456,2.3435351036920764,13.832812922549069,23.823426835897056,0.27740823103048284,False
2004,Miami Marlins,42118042,83,83.0,718,700,0.5118279327359467,82.91612510322337,507446.2891566265,75.56473435112785,7.3513907520955115,13.832812922549069,23.823426835897056,0.27740823103048284,False
2004,Cincinnati Reds,43067858,76,76.0,750,907,0.4084329088799218,66.16613123854732,566682.3421052631,75.87321665975722,-9.707085421209896,13.832812922549069,23.823426835897056,0.27740823103048284,False
2004,Minnesota Twins,53585000,92,92.0,780,715,0.5410702793824901,87.6533852599634,582445.6521739131,78.89557857176364,8.757806688199764,13.832812922549069,23.823426835897056,0.27740823103048284,True
2004,Texas Rangers,54825973,89,89.0,860,794,0.5388082077441138,87.28692965454643,616022.1685393258,79.21227893350333,8.074650721043099,13.832812922549069,23.823426835897056,0.27740823103048284,False
2004,San Diego Padres,54639503,87,87.0,768,705,0.5402324310050496,87.51765382281803,628040.264367816,79.165151616017,8.352502206801034,13.832812922549069,23.823426835897056,0.27740823103048284,False
2004,Detroit Tigers,46353554,72,72.0,827,844,0.4900628075405599,79.39017482157071,643799.3611111111,76.89021892201288,2.4999558995578326,13.832812922549069,23.823426835897056,0.27740823103048284,False
2004,Washington Nationals,43197500,67,67.0,635,769,0.4119668803287853,66.73863461326322,644738.8059701492,75.91479336967984,-9.176158756416626,13.832812922549069,23.823426835897056,0.27740823103048284,False
2004,Baltimore Orioles,51212653,78,78.0,842,830,0.5070118394430275,82.13591798977046,656572.4743589744,78.26919356015665,3.866724429613811,13.832812922549069,23.823426835897056,0.27740823103048284,False
2004,Oakland Athletics,59825167,91,91.0,793,742,0.5316441275351748,86.12634866069831,657419.4175824176,80.41936316297085,5.706985497727459,13.832812922549069,23.823426835897056,0.27740823103048284,False
2004,St. Louis Cardinals,75633517,105,105.0,855,659,0.6211667999265915,100.62902158810785,720319.2095238095,83.66278577684166,16.966235811266188,13.832812922549069,23.823426835897056,0.27740823103048284,True
2004,Toronto Blue Jays,50017000,67,67.0,719,823,0.4357618258001481,70.593415779624,746522.3880597015,77.94241157573103,-7.348995796107033,13.832812922549069,23.823426835897056,0.27740823103048284,False
2004,Chicago White Sox,65212500,83,83.0,865,831,0.5196594660749073,84.18483350413499,785692.7710843374,81.61209390333056,2.572739600804425,13.832812922549069,23.823426835897056,0.27740823103048284,False
2004,Houston Astros,74666303,92,92.0,803,698,0.5659839908686625,91.68940652072332,811590.25,83.48474863732622,8.204657883397104,13.832812922549069,23.823426835897056,0.27740823103048284,True
2004,Kansas City Royals,47609000,58,58.0,720,905,0.3909739690019579,63.33778297831718,820844.8275862068,77.25988497378124,-13.922101995464061,13.832812922549069,23.823426835897056,0.27740823103048284,False
2004,San Francisco Giants,82019167,91,91.0,850,770,0.5477062500693554,88.72841251123558,901309.5274725276,84.78398274334657,3.9444297678890052,13.832812922549069,23.823426835897056,0.27740823103048284,False
2004,Atlanta Braves,88507788,96,96.0,803,668,0.5858161479136541,94.90221596201197,921956.125,85.83717970319483,9.06503625881713,13.832812922549069,23.823426835897056,0.27740823103048284,True
2004,Colorado Rockies,64590403,68,68.0,833,923,0.4493448097350688,72.79385917708115,949858.8676470588,81.47950184091987,-8.68564266383872,13.832812922549069,23.823426835897056,0.27740823103048284,False
2004,Los Angeles Dodgers,89694342,93,93.0,761,684,0.5498095773703855,89.06915153400244,964455.2903225806,86.02139323728399,3.047758296718456,13.832812922549069,23.823426835897056,0.27740823103048284,True
2004,Chicago Cubs,91101667,89,89.0,789,665,0.579561389924858,93.888945167827,1023614.2359550562,86.23674817516385,7.65219699266315,13.832812922549069,23.823426835897056,0.27740823103048284,False
2004,Philadelphia Phillies,93219167,86,86.0,840,781,0.5352037258781455,86.70300359225956,1083943.8023255814,86.5545882088452,0.14841538341435978,13.832812922549069,23.823426835897056,0.27740823103048284,False
2004,Los Angeles Angels,101084667,92,92.0,836,734,0.5621049967562367,91.06100947451034,1098746.3804347827,87.67511657178768,3.3858929027226594,13.832812922549069,23.823426835897056,0.27740823103048284,True
2004,Boston Red Sox,125208542,98,98.0,949,768,0.6026886231201223,97.6355569454598,1277638.1836734691,90.63564604579246,6.999910899667341,13.832812922549069,23.823426835897056,0.27740823103048284,True
2004,Seattle Mariners,81543833,63,63.0,698,823,0.4223145037900401,68.4149496139865,1294346.5555555555,84.70358283862218,-16.28863322463569,13.832812922549069,23.823426835897056,0.27740823103048284,False
2004,Arizona Diamondbacks,70204984,51,51.0,615,899,0.3271633952224121,53.00047002603076,1376568.31372549,82.63251474644105,-29.632044720410285,13.832812922549069,23.823426835897056,0.27740823103048284,False
2004,New York Mets,100629303,71,71.0,684,731,0.4690932420108281,75.99310520575416,1417314.126760563,87.6126620405132,-11.619556834759038,13.832812922549069,23.823426835897056,0.27740823103048284,False
2004,New York Yankees,182835513,101,101.0,897,808,0.5511543363957283,89.28700249610799,1810252.603960396,95.8728351884604,-6.585832692352412,13.832812922549069,23.823426835897056,0.27740823103048284,True
2005,Tampa Bay Rays,29893567,67,67.0,750,936,0.3931848810254206,63.69595072611815,446172.6417910448,71.86735147195921,-8.171400745841062,11.594637541706799,32.47290883422418,0.20537566198146517,False
2005,Cleveland Guardians,41830400,93,93.0,790,642,0.5957356192464394,96.50917031792318,449789.247311828,75.76291827064902,20.746252047274155,11.594637541706799,32.47290883422418,0.20537566198146517,False
2005,Milwaukee Brewers,40234833,81,81.0,726,697,0.5190043476823838,84.07870432454618,496726.3333333333,75.31200009250375,8.766704232042429,11.594637541706799,32.47290883422418,0.20537566198146517,False
2005,Toronto Blue Jays,45336500,80,80.0,775,705,0.5445361097390871,88.2148497777321,566706.25,76.6961602071049,11.518689570627203,11.594637541706799,32.47290883422418,0.20537566198146517,False
2005,Pittsburgh Pirates,38138000,67,67.0,680,769,0.4425864077362501,71.69899805327252,569223.8805970149,74.69143245202397,-2.992434398751456,11.594637541706799,32.47290883422418,0.20537566198146517,False
2005,Washington Nationals,48581500,81,81.0,639,673,0.4763949148348832,77.17597620325108,599771.6049382716,77.49770158668326,-0.32172538343218093,11.594637541706799,32.47290883422418,0.20537566198146517,False
2005,Oakland Athletics,55869262,88,88.0,772,658,0.5740804402283309,93.0010313169896,634877.9772727273,79.11830209565494,13.882729221334657,11.594637541706799,32.47290883422418,0.20537566198146517,False
2005,Kansas City Royals,36881000,56,56.0,701,935,0.3637002220630242,58.919435974209925,658589.2857142857,74.30284226628086,-15.383406292070937,11.594637541706799,32.47290883422418,0.20537566198146517,False
2005,Minnesota Twins,56615000,83,83.0,688,662,0.5176911856353897,83.86597207293313,682108.4337349398,79.27204250949774,4.593929563435395,11.594637541706799,32.47290883422418,0.20537566198146517,False
2005,Texas Rangers,55307258,79,79.0,865,858,0.504003676136921,81.6485955341812,700091.8734177215,79.00107791590341,2.6475176182777886,11.594637541706799,32.47290883422418,0.20537566198146517,False
2005,Colorado Rockies,47789000,67,67.0,740,862,0.4268874464013641,69.15576631702099,713268.6567164179,77.30700095959506,-8.151234642574067,11.594637541706799,32.47290883422418,0.20537566198146517,False
2005,Miami Marlins,60375961,83,83.0,717,732,0.4902937908074964,79.42759411081443,727421.2168674698,80.01777552260529,-0.5901814117908657,11.594637541706799,32.47290883422418,0.20537566198146517,False
2005,Chicago White Sox,75228000,99,99.0,741,645,0.5638777411273218,91.34819406262612,759878.7878787878,82.56781283126553,8.780381231360593,11.594637541706799,32.47290883422418,0.20537566198146517,True
2005,San Diego Padres,62888192,82,82.0,684,726,0.4723064224755532,76.51364044103963,766929.1707317074,80.49045863901061,-3.976818197970985,11.594637541706799,32.47290883422418,0.20537566198146517,True
2005,Cincinnati Reds,59658275,73,73.0,820,889,0.4603660605129639,74.57930180310017,817236.6438356164,79.87912494296256,-5.299823139862397,11.594637541706799,32.47290883422418,0.20537566198146517,False
2005,Arizona Diamondbacks,63015834,77,77.0,696,856,0.4023255125465957,65.17673303254851,818387.4545454546,80.51396802594846,-15.337234993399946,11.594637541706799,32.47290883422418,0.20537566198146517,False
2005,Houston Astros,76779022,89,89.0,693,609,0.5584806624251385,90.47386731287244,862685.6404494382,82.80443561123353,7.6694317016389135,11.594637541706799,32.47290883422418,0.20537566198146517,True
2005,St. Louis Cardinals,93319842,100,100.0,805,634,0.6099128151725016,98.80587605794528,933198.42,85.06656449477624,13.73931156316904,11.594637541706799,32.47290883422418,0.20537566198146517,True
2005,Atlanta Braves,85148582,90,90.0,769,674,0.5614376216807901,90.952894712288,946095.3555555556,84.00408988308422,6.94880482920378,11.594637541706799,32.47290883422418,0.20537566198146517,True
2005,Detroit Tigers,68998183,71,71.0,723,787,0.4598456512024992,74.49499549480488,971805.3943661972,81.56553373853706,-7.070538243732173,11.594637541706799,32.47290883422418,0.20537566198146517,False
2005,Los Angeles Angels,95017822,95,95.0,761,643,0.5776507419827852,93.5794202012112,1000187.6,85.27563575188577,8.303784449325434,11.594637541706799,32.47290883422418,0.20537566198146517,True
2005,Baltimore Orioles,74570539,74,74.0,729,800,0.4558637318650224,73.84992456213362,1007709.9864864864,82.46603519055168,-8.616110628418056,11.594637541706799,32.47290883422418,0.20537566198146517,False
2005,Philadelphia Phillies,95337908,88,88.0,807,726,0.5502307695321675,89.13738466421114,1083385.318181818,85.314628900661,3.822755763550134,11.594637541706799,32.47290883422418,0.20537566198146517,False
2005,Chicago Cubs,87210933,79,79.0,703,714,0.4927675804899188,79.82834803936686,1103935.8607594937,84.28157213991418,-4.453224100547317,11.594637541706799,32.47290883422418,0.20537566198146517,False
2005,Los Angeles Dodgers,81029500,71,71.0,685,755,0.4545881944818543,73.64328750606039,1141260.5633802817,83.42917594770611,-9.785888441645724,11.594637541706799,32.47290883422418,0.20537566198146517,False
2005,San Francisco Giants,89487842,75,75.0,649,745,0.4363821691729406,70.69391140601638,1193171.2266666666,84.58040155628407,-13.88649015026769,11.594637541706799,32.47290883422418,0.20537566198146517,False
2005,Seattle Mariners,85883333,69,69.0,699,751,0.466401608790812,75.55706062411154,1244685.9855072463,84.10371133604565,-8.546650711934106,11.594637541706799,32.47290883422418,0.20537566198146517,False
2005,New York Mets,104770139,83,83.0,722,648,0.5497249220320195,89.05543736918716,1262290.8313253012,86.40848197577887,2.646955393408291,11.594637541706799,32.47290883422418,0.20537566198146517,False
2005,Boston Red Sox,121311945,95,95.0,910,805,0.560040063300959,90.72649025475536,1276967.8421052631,88.10821511760858,2.6182751371467816,11.594637541706799,32.47290883422418,0.20537566198146517,True
2005,New York Yankees,205938439,95,95.0,886,789,0.5564313307519515,90.14187558181614,2167773.042105263,94.24423642137121,-4.102360839555075,11.594637541706799,32.47290883422418,0.20537566198146517,True
2006,Miami Marlins,14998500,78,78.0,758,772,0.4912853413737773,79.58822530255192,192288.46153846153,67.73747097234074,11.850754330211174,8.557331406082115,44.564643713131936,0.18130460068806553,False
2006,Colorado Rockies,41233000,76,76.0,813,812,0.5005963491362815,81.0966085600776,542539.4736842106,76.39140361550186,4.7052049445757405,8.557331406082115,44.564643713131936,0.18130460068806553,False
2006,Tampa Bay Rays,35417967,61,61.0,689,856,0.3978141363306428,64.44589008556413,580622.4098360656,75.09052089453698,-10.644630808972849,8.557331406082115,44.564643713131936,0.18130460068806553,False
2006,Minnesota Twins,63396006,96,96.0,801,683,0.574670041368199,93.09654670164824,660375.0625,80.07244203119754,13.024104670450697,8.557331406082115,44.564643713131936,0.18130460068806553,True
2006,Oakland Athletics,62243079,93,93.0,771,727,0.5277862036747186,85.50136499530441,669280.4193548387,79.91538492795742,5.585980067346995,8.557331406082115,44.564643713131936,0.18130460068806553,True
2006,Pittsburgh Pirates,46717750,67,67.0,691,797,0.4329815897550808,70.1430175403231,697279.8507462686,77.46008827138392,-7.317070731060824,8.557331406082115,44.564643713131936,0.18130460068806553,False
2006,Cleveland Guardians,56031500,78,78.0,870,782,0.5517291390369895,89.3801205239923,718352.5641025641,79.01572430241238,10.364396221579923,8.557331406082115,44.564643713131936,0.18130460068806553,False
2006,Cincinnati Reds,60909519,80,80.0,749,801,0.4679591876263651,75.80938839547115,761368.9875,79.73005126678812,-3.9206628713169778,8.557331406082115,44.564643713131936,0.18130460068806553,False
2006,Kansas City Royals,47294000,62,62.0,757,971,0.3796319418748862,61.50037458373156,762806.4516129033,77.56499481723736,-16.0646202335058,8.557331406082115,44.564643713131936,0.18130460068806553,False
2006,Milwaukee Brewers,57568333,75,75.0,730,833,0.4370919728009327,70.8088995937511,767577.7733333333,79.24727379234983,-8.438374198598737,8.557331406082115,44.564643713131936,0.18130460068806553,False
2006,Arizona Diamondbacks,59684226,76,76.0,773,788,0.4907955363768475,79.5088768930493,785318.7631578947,79.55615171486302,-0.04727482181371556,8.557331406082115,44.564643713131936,0.18130460068806553,False
2006,San Diego Padres,69896141,88,88.0,731,679,0.5342739932866851,86.55238691244298,794274.3295454546,80.90771953566934,5.64466737677364,8.557331406082115,44.564643713131936,0.18130460068806553,True
2006,Toronto Blue Jays,71915000,87,87.0,809,754,0.5336845043431018,86.45688970358249,826609.1954022988,81.15138463366047,5.30550506992202,8.557331406082115,44.564643713131936,0.18130460068806553,False
2006,Texas Rangers,68228662,80,80.0,835,784,0.5304664413614847,85.93556350056052,852858.275,80.7010967805885,5.234466719972019,8.557331406082115,44.564643713131936,0.18130460068806553,False
2006,Detroit Tigers,82612866,95,95.0,822,675,0.5921787717496269,95.93296102343956,869609.1157894736,82.33812018840337,13.594840835036194,8.557331406082115,44.564643713131936,0.18130460068806553,True
2006,Washington Nationals,63143000,71,71.0,746,872,0.4250446187828189,68.85722824281666,889338.0281690141,80.0382223997452,-11.180994156928534,8.557331406082115,44.564643713131936,0.18130460068806553,False
2006,Baltimore Orioles,72585582,70,70.0,768,899,0.4237282457739816,68.64397581538503,1036936.8857142857,81.23080900031734,-12.586833184932303,8.557331406082115,44.564643713131936,0.18130460068806553,False
2006,Philadelphia Phillies,88273333,85,85.0,865,812,0.5308755509438996,86.00183925291174,1038509.8,82.90523701530284,3.0966022376088915,8.557331406082115,44.564643713131936,0.18130460068806553,False
2006,New York Mets,101084963,97,97.0,834,731,0.562851071339991,91.18187355707856,1042113.0206185566,84.06495500834745,7.116918548731107,8.557331406082115,44.564643713131936,0.18130460068806553,True
2006,St. Louis Cardinals,88891371,83,83.0,781,762,0.5117760950949323,82.90772740537903,1070980.373493976,82.96494165536147,-0.05721424998243663,8.557331406082115,44.564643713131936,0.18130460068806553,True
2006,Los Angeles Dodgers,98447187,88,88.0,820,751,0.5420790271985043,87.8168024061577,1118718.0340909092,83.83868933154014,3.9781130746175677,8.557331406082115,44.564643713131936,0.18130460068806553,True
2006,Seattle Mariners,87959833,78,78.0,756,792,0.4777859713884038,77.40132736492141,1127690.1666666667,82.8747918240089,-5.473464459087481,8.557331406082115,44.564643713131936,0.18130460068806553,False
2006,Houston Astros,92551503,82,82.0,735,719,0.5103277688931683,82.67309856069328,1128676.8658536586,83.31023173241576,-0.637133171722482,8.557331406082115,44.564643713131936,0.18130460068806553,False
2006,Atlanta Braves,90156876,79,79.0,849,805,0.5258934453097703,85.19473814018279,1141226.278481013,83.08590934086686,2.10882879931593,8.557331406082115,44.564643713131936,0.18130460068806553,False
2006,Chicago White Sox,102750667,90,90.0,868,794,0.5433467613497769,88.02217533866386,1141674.0777777778,84.20481572308869,3.817359615575171,8.557331406082115,44.564643713131936,0.18130460068806553,False
2006,Los Angeles Angels,103472000,89,89.0,766,732,0.5214775854439017,84.47936884191206,1162606.7415730336,84.26468024524908,0.214688596662981,8.557331406082115,44.564643713131936,0.18130460068806553,False
2006,San Francisco Giants,90056419,76,76.0,746,790,0.4726566293201067,76.57037394985728,1184952.8815789474,83.07636904662718,-6.505995096769894,8.557331406082115,44.564643713131936,0.18130460068806553,False
2006,Boston Red Sox,120099824,86,86.0,820,825,0.4970441717922476,80.52115583034411,1396509.5813953488,85.53991275954701,-5.018756929202894,8.557331406082115,44.564643713131936,0.18130460068806553,False
2006,Chicago Cubs,94424499,66,66.0,716,834,0.4275911193862814,69.2697613405776,1430674.2272727273,83.48168029766015,-14.211918957082545,8.557331406082115,44.564643713131936,0.18130460068806553,False
2006,New York Yankees,194663079,97,97.0,930,767,0.5934269324535749,96.13516305747912,2006835.8659793816,89.67265029488112,6.462512762597996,8.557331406082115,44.564643713131936,0.18130460068806553,True
2007,Tampa Bay Rays,24123500,66,66.0,782,944,0.4082353264465962,66.13412288434859,365507.57575757575,67.82977610618308,-1.6956532218344904,11.50800724859637,31.19764314584455,0.29027388332478943,False
2007,Miami Marlins,30507000,71,71.0,790,891,0.4414058566633438,71.5077487794617,429676.05633802817,70.53150747353978,0.9762413059219313,11.50800724859637,31.19764314584455,0.29027388332478943,False
2007,Washington Nationals,37347500,73,73.0,673,783,0.429398402179425,69.56254115306686,511609.58904109587,72.85969022723567,-3.2971490741688143,11.50800724859637,31.19764314584455,0.29027388332478943,False
2007,Pittsburgh Pirates,38537833,68,68.0,724,846,0.4258376676118234,68.9857021531154,566732.8382352941,73.22074773083956,-4.235045577724165,11.50800724859637,31.19764314584455,0.29027388332478943,False
2007,Arizona Diamondbacks,52067546,90,90.0,712,732,0.487027368630879,78.8984337182024,578528.2888888889,76.68352325871356,2.2149104594888342,11.50800724859637,31.19764314584455,0.29027388332478943,True
2007,Colorado Rockies,54424000,90,90.0,860,758,0.5606876818474923,90.83140445929376,604711.1111111111,77.19290673892853,13.638497720365237,11.50800724859637,31.19764314584455,0.29027388332478943,True
2007,Cleveland Guardians,61673267,96,96.0,811,704,0.5667896472405595,91.81992285297063,642429.8645833334,78.63192930380397,13.187993549166663,11.50800724859637,31.19764314584455,0.29027388332478943,True
2007,San Diego Padres,58110567,89,89.0,741,666,0.5493622140084444,88.996678669368,652927.7191011236,77.94716789140493,11.049510777963064,11.50800724859637,31.19764314584455,0.29027388332478943,False
2007,Milwaukee Brewers,70986500,83,83.0,801,776,0.5152274530211373,83.46684738942423,855259.0361445784,80.25040571900459,3.2164416704196412,11.50800724859637,31.19764314584455,0.29027388332478943,False
2007,Minnesota Twins,71439500,79,79.0,718,725,0.4954566960262749,80.26398475625655,904297.4683544304,80.32361067965435,-0.05962592339780315,11.50800724859637,31.19764314584455,0.29027388332478943,False
2007,Texas Rangers,68318675,75,75.0,816,844,0.4835583748227604,78.33645672128718,910915.6666666666,79.80957351602301,-1.4731167947358301,11.50800724859637,31.19764314584455,0.29027388332478943,False
2007,Cincinnati Reds,68904980,72,72.0,783,853,0.4585259961553828,74.28121137717203,957013.6111111112,79.90791287664945,-5.62670149947742,11.50800724859637,31.19764314584455,0.29027388332478943,False
2007,Kansas City Royals,67116500,69,69.0,706,778,0.4542842512043228,73.5940486951003,972702.8985507246,79.60526910284374,-6.011220407743437,11.50800724859637,31.19764314584455,0.29027388332478943,False
2007,Toronto Blue Jays,81942800,83,83.0,753,699,0.5348534838562171,86.64626438470717,987262.6506024096,81.90216984797614,4.744094536731026,11.50800724859637,31.19764314584455,0.29027388332478943,False
2007,Philadelphia Phillies,89428213,89,89.0,892,821,0.5407112949227943,87.59522977749269,1004811.382022472,82.908139668232,4.687090109260694,11.50800724859637,31.19764314584455,0.29027388332478943,True
2007,Atlanta Braves,87290833,84,84.0,810,733,0.5475414007802383,88.7017069263986,1039176.5833333334,82.6297521986677,6.071954727730898,11.50800724859637,31.19764314584455,0.29027388332478943,False
2007,Oakland Athletics,79366940,76,76.0,741,758,0.489262741718342,79.26056415837141,1044301.8421052631,81.53460945769262,-2.274045299321216,11.50800724859637,31.19764314584455,0.29027388332478943,False
2007,Detroit Tigers,95180369,88,88.0,887,797,0.5521830531965443,89.45365461784017,1081595.1022727273,83.62552005283862,5.828134565001548,11.50800724859637,31.19764314584455,0.29027388332478943,False
2007,St. Louis Cardinals,90286823,78,78.0,725,829,0.4362256997708202,70.66856336287287,1157523.3717948718,83.01810225682671,-12.349538893953834,11.50800724859637,31.19764314584455,0.29027388332478943,False
2007,Los Angeles Angels,109251333,94,94.0,822,731,0.5558798364923313,90.05253351175767,1162248.2234042552,85.2122132821626,4.840320229595079,11.50800724859637,31.19764314584455,0.29027388332478943,True
2007,Chicago Cubs,99670332,85,85.0,752,690,0.5401992644620509,87.51228084285225,1172592.1411764706,84.15597413701843,3.3563067058338163,11.50800724859637,31.19764314584455,0.29027388332478943,True
2007,Houston Astros,87759000,73,73.0,723,813,0.4442973208943866,71.97616598489064,1202178.082191781,82.69130817941875,-10.715142194528113,11.50800724859637,31.19764314584455,0.29027388332478943,False
2007,Seattle Mariners,106460833,88,88.0,794,813,0.4885804711989066,79.15003633422286,1209782.193181818,84.91445644875898,-5.764420114536122,11.50800724859637,31.19764314584455,0.29027388332478943,False
2007,San Francisco Giants,90219056,71,71.0,683,720,0.4755126420984269,77.03304801994516,1270690.9295774647,83.00946139517528,-5.976413375230123,11.50800724859637,31.19764314584455,0.29027388332478943,False
2007,New York Mets,115231663,88,88.0,804,750,0.5332095829014205,86.37995243003012,1309450.7159090908,85.82551558469747,0.5544368453326456,11.50800724859637,31.19764314584455,0.29027388332478943,False
2007,Los Angeles Dodgers,108454524,82,82.0,735,727,0.5051441155619114,81.83334672102964,1322616.146341463,85.12797370478532,-3.294626983755677,11.50800724859637,31.19764314584455,0.29027388332478943,False
2007,Baltimore Orioles,93554808,69,69.0,756,868,0.4334701691996536,70.22216741034389,1355866.7826086956,83.42728005683085,-13.205112646486967,11.50800724859637,31.19764314584455,0.29027388332478943,False
2007,Boston Red Sox,143026214,96,96.0,867,657,0.628956358613323,101.89093009535831,1489856.3958333333,88.31220451792501,13.578725577433303,11.50800724859637,31.19764314584455,0.29027388332478943,True
2007,Chicago White Sox,108671833,72,72.0,693,839,0.4099143194883494,66.4061197571126,1509331.013888889,85.15100908765397,-18.74488933054137,11.50800724859637,31.19764314584455,0.29027388332478943,False
2007,New York Yankees,189639045,94,94.0,968,777,0.6070160091216961,98.33659347771476,2017436.6489361704,91.55855092052175,6.778042557193004,11.50800724859637,31.19764314584455,0.29027388332478943,True
2008,Miami Marlins,21811500,84,84.0,770,767,0.5018648001821975,81.302097629516,259660.7142857143,70.25174976773894,11.050347861777055,8.168920142486993,45.07156518163882,0.13383535128936008,False
2008,Tampa Bay Rays,43820597,97,97.0,774,671,0.5665038686808687,91.77362672630072,451758.73195876286,75.95093254476251,15.82269418153821,8.168920142486993,45.07156518163882,0.13383535128936008,True
2008,Oakland Athletics,47967126,75,75.0,646,690,0.4698010516957522,76.10777037471186,639561.68,76.68950048937114,-0.5817301146592797,8.168920142486993,45.07156518163882,0.13383535128936008,False
2008,Minnesota Twins,56932766,88,88.0,829,745,0.5510252817101103,89.26609563703788,646963.25,78.08928683368714,11.176808803350738,8.168920142486993,45.07156518163882,0.13383535128936008,False
2008,Pittsburgh Pirates,48689783,67,67.0,735,884,0.411595361391839,66.67844854547792,726713.1791044776,76.8116529021371,-10.133204356659178,8.168920142486993,45.07156518163882,0.13383535128936008,False
2008,Kansas City Royals,58245500,75,75.0,691,781,0.4425902073023244,71.69961358297655,776606.6666666666,78.27550397272103,-6.5758903897444725,8.168920142486993,45.07156518163882,0.13383535128936008,False
2008,Arizona Diamondbacks,66202712,82,82.0,720,706,0.5091631613977508,82.48443214643562,807350.1463414634,79.32157171378176,3.162860432653858,8.168920142486993,45.07156518163882,0.13383535128936008,False
2008,Texas Rangers,67712326,79,79.0,901,967,0.464409251274415,75.23429870645523,857118.0506329114,79.50575474223123,-4.271456035775998,8.168920142486993,45.07156518163882,0.13383535128936008,False
2008,Milwaukee Brewers,80937499,90,90.0,750,689,0.5396114699385373,87.41705813004303,899305.5444444445,80.96316368329269,6.45389444675034,8.168920142486993,45.07156518163882,0.13383535128936008,True
2008,Colorado Rockies,68655500,74,74.0,747,822,0.4542348204404421,73.58604091135163,927777.027027027,79.6187555309307,-6.0327146195790675,8.168920142486993,45.07156518163882,0.13383535128936008,False
2008,Washington Nationals,54961000,59,59.0,641,825,0.383268449378973,62.08948879939363,931542.372881356,77.8013553944524,-15.711866595058773,8.168920142486993,45.07156518163882,0.13383535128936008,False
2008,Cleveland Guardians,78970066,81,81.0,805,761,0.5269215127433106,85.36128506441631,974939.086419753,80.76213987172775,4.599145192688553,8.168920142486993,45.07156518163882,0.13383535128936008,False
2008,Baltimore Orioles,67196246,68,68.0,782,869,0.4487432898776352,72.69641296017691,988180.088235294,79.44325557247228,-6.746842612295367,8.168920142486993,45.07156518163882,0.13383535128936008,False
2008,Cincinnati Reds,74117695,74,74.0,704,800,0.4397154858050366,71.23390870041592,1001590.472972973,80.24411134166904,-9.010202641253116,8.168920142486993,45.07156518163882,0.13383535128936008,False
2008,Houston Astros,88930414,86,86.0,712,743,0.4799698316220594,77.75511272277363,1034074.5813953488,81.73248774233303,-3.9773750195594033,8.168920142486993,45.07156518163882,0.13383535128936008,False
2008,San Francisco Giants,76594500,72,72.0,640,759,0.4215013898783791,68.28322516029742,1063812.5,80.51263166968707,-12.229406509389648,8.168920142486993,45.07156518163882,0.13383535128936008,False
2008,Philadelphia Phillies,98269880,92,92.0,799,680,0.5754756694204274,93.22705844610924,1068150.8695652173,82.54826365744908,10.678794788660156,8.168920142486993,45.07156518163882,0.13383535128936008,True
2008,Toronto Blue Jays,97793900,86,86.0,714,610,0.5714300641168183,92.57167038692457,1137138.3720930233,82.50860054121145,10.063069845713116,8.168920142486993,45.07156518163882,0.13383535128936008,False
2008,St. Louis Cardinals,99624449,86,86.0,779,725,0.5339915966871591,86.50663866331978,1158423.8255813953,82.66009646098347,3.846542202336309,8.168920142486993,45.07156518163882,0.13383535128936008,False
2008,San Diego Padres,73677616,63,63.0,637,764,0.416376729383851,67.45303016018386,1169485.9682539685,80.19546323764257,-12.742433077458713,8.168920142486993,45.07156518163882,0.13383535128936008,False
2008,Los Angeles Angels,119216333,100,100.0,765,697,0.5436462898795382,88.07069896048519,1192163.33,84.12668034476536,3.944018615719827,8.168920142486993,45.07156518163882,0.13383535128936008,True
2008,Chicago Cubs,118345833,97,97.0,855,671,0.6135113575696793,99.38883992628806,1220060.1340206186,84.0668132629738,15.322026663314261,8.168920142486993,45.07156518163882,0.13383535128936008,True
2008,Chicago White Sox,121189332,89,89.0,811,729,0.5505947869757003,89.19635549006345,1361677.8876404497,84.2607673109926,4.935588179070848,8.168920142486993,45.07156518163882,0.13383535128936008,True
2008,Boston Red Sox,133390035,95,95.0,845,694,0.5928216418630499,96.03710598181408,1404105.6315789474,85.04435774676548,10.992748235048595,8.168920142486993,45.07156518163882,0.13383535128936008,True
2008,Los Angeles Dodgers,118588536,84,84.0,700,648,0.5353885235770994,86.73294081949011,1411768.2857142857,84.08354888581445,2.649391933675659,8.168920142486993,45.07156518163882,0.13383535128936008,True
2008,Atlanta Braves,102365683,72,72.0,753,778,0.4844478519330468,78.48055201315358,1421745.5972222222,82.88183300138533,-4.401280988231747,8.168920142486993,45.07156518163882,0.13383535128936008,False
2008,New York Mets,137793376,89,89.0,799,715,0.552544649785084,89.51223326518361,1548240.1797752809,85.3096667687669,4.202566496416708,8.168920142486993,45.07156518163882,0.13383535128936008,False
2008,Detroit Tigers,137685196,74,74.0,821,857,0.4790262177867657,77.60224728145604,1860610.7567567567,85.30325092436908,-7.701003642913037,8.168920142486993,45.07156518163882,0.13383535128936008,False
2008,Seattle Mariners,117666482,61,61.0,671,811,0.4115183561427801,66.66597369513039,1928958.7213114752,84.01978538313811,-17.353811688007724,8.168920142486993,45.07156518163882,0.13383535128936008,False
2008,New York Yankees,209081577,89,89.0,789,727,0.5387936749862813,87.28457534777756,2349231.202247191,88.7158549359064,-1.4312795881288451,8.168920142486993,45.07156518163882,0.13383535128936008,False
2009,Miami Marlins,36814000,87,87.0,772,766,0.5037212149998466,81.60283682997515,423149.4252873563,70.34707033996594,11.255766490009208,13.070029276509132,23.218136598970027,0.22042848960009864,False
2009,San Diego Padres,42796700,75,75.0,638,769,0.4140389327857241,67.07430711128731,570622.6666666666,72.31519180336021,-5.240884692072896,13.070029276509132,23.218136598970027,0.22042848960009864,False
2009,Minnesota Twins,65299267,87,87.0,817,765,0.5315225526133917,86.10665352336945,750566.2873563218,77.8375381460761,8.269115377293346,13.070029276509132,23.218136598970027,0.22042848960009864,True
2009,Tampa Bay Rays,63313035,84,84.0,803,754,0.5300989613696161,85.87603174187781,753726.6071428572,77.43381044442593,8.44222129745188,13.070029276509132,23.218136598970027,0.22042848960009864,False
2009,Pittsburgh Pirates,48743000,62,62.0,636,768,0.4131106308203447,66.92392219289586,786177.4193548387,74.01561046181698,-7.091688268921118,13.070029276509132,23.218136598970027,0.22042848960009864,False
2009,Texas Rangers,68646023,87,87.0,784,740,0.5274477961879829,85.44654298245322,789034.7471264368,78.49080941916802,6.955733563285207,13.070029276509132,23.218136598970027,0.22042848960009864,False
2009,Colorado Rockies,75201000,92,92.0,804,715,0.5555240847790287,89.99490173420266,817402.1739130435,79.68281346893443,10.31208826526823,13.070029276509132,23.218136598970027,0.22042848960009864,True
2009,Oakland Athletics,62310000,75,75.0,759,761,0.4987491245840629,80.79735818261818,830800.0,77.22509115316399,3.5722670294541956,13.070029276509132,23.218136598970027,0.22042848960009864,False
2009,Cincinnati Reds,70968500,78,78.0,673,723,0.4668065437265493,75.62266008370099,909852.564102564,78.92568742661928,-3.303027342918284,13.070029276509132,23.218136598970027,0.22042848960009864,False
2009,San Francisco Giants,82161450,88,88.0,657,611,0.5327071740443007,86.29856219517671,933652.8409090908,80.83979448630825,5.458767708868464,13.070029276509132,23.218136598970027,0.22042848960009864,False
2009,St. Louis Cardinals,88528411,91,91.0,730,640,0.5604086691956538,90.78620440969593,972839.6813186812,81.81530637571541,8.970898033980518,13.070029276509132,23.218136598970027,0.22042848960009864,True
2009,Milwaukee Brewers,80257502,80,80.0,785,818,0.4801359292313286,77.78202053547523,1003218.775,80.53335492692139,-2.7513343914461643,13.070029276509132,23.218136598970027,0.22042848960009864,False
2009,Washington Nationals,59328000,59,59.0,710,874,0.4013528997756941,65.01916976366246,1005559.3220338984,76.58412964249914,-11.564959878836675,13.070029276509132,23.218136598970027,0.22042848960009864,False
2009,Baltimore Orioles,67101667,64,64.0,741,876,0.4197212473595915,67.99484207225382,1048463.546875,78.1934098976063,-10.198567825352484,13.070029276509132,23.218136598970027,0.22042848960009864,False
2009,Arizona Diamondbacks,73571667,70,70.0,720,782,0.4609494913950224,74.67381760599363,1051023.8142857142,79.39652053742284,-4.722702931429211,13.070029276509132,23.218136598970027,0.22042848960009864,False
2009,Los Angeles Dodgers,100458101,95,95.0,780,611,0.6112646043820037,99.0248659098846,1057453.694736842,83.46758296380776,15.557282946076839,13.070029276509132,23.218136598970027,0.22042848960009864,True
2009,Toronto Blue Jays,80993657,75,75.0,798,771,0.5165047466042106,83.67376894988212,1079915.4266666668,80.65269216835,3.0210767815321162,13.070029276509132,23.218136598970027,0.22042848960009864,False
2009,Kansas City Royals,70908333,65,65.0,686,842,0.4036751367130508,65.39537214751422,1090897.4307692307,78.91460197338506,-13.519229825870838,13.070029276509132,23.218136598970027,0.22042848960009864,False
2009,Atlanta Braves,96726167,86,86.0,735,641,0.5628787316460246,91.186354526656,1124722.8720930233,82.97279387877771,8.213560647878296,13.070029276509132,23.218136598970027,0.22042848960009864,False
2009,Seattle Mariners,98904167,85,85.0,640,692,0.4643095063707032,75.21814003205392,1163578.4352941175,83.26382952138918,-8.04568948933526,13.070029276509132,23.218136598970027,0.22042848960009864,False
2009,Los Angeles Angels,113709000,97,97.0,883,761,0.5717875302864355,92.62957990640254,1172257.731958763,85.08698335508691,7.542596551315626,13.070029276509132,23.218136598970027,0.22042848960009864,True
2009,Philadelphia Phillies,113004048,93,93.0,820,709,0.568814422160058,92.14793638992938,1215097.2903225806,85.0057019903413,7.142234399588091,13.070029276509132,23.218136598970027,0.22042848960009864,True
2009,Chicago White Sox,96068500,79,79.0,724,732,0.4948407796330335,80.16420630055143,1216056.9620253164,82.88362377444288,-2.719417473891454,13.070029276509132,23.218136598970027,0.22042848960009864,False
2009,Cleveland Guardians,81625567,65,65.0,773,865,0.4456053285809992,72.18806323012188,1255777.9538461538,80.7542683973723,-8.566205167250416,13.070029276509132,23.218136598970027,0.22042848960009864,False
2009,Boston Red Sox,122696000,95,95.0,872,736,0.5811846740395986,94.15191719441498,1291536.8421052631,86.0811838606061,8.070733333808874,13.070029276509132,23.218136598970027,0.22042848960009864,True
2009,Detroit Tigers,115085145,86,86.0,743,745,0.4987322442224364,80.7946235640347,1338199.3604651163,85.244211787158,-4.4495882231233,13.070029276509132,23.218136598970027,0.22042848960009864,False
2009,Houston Astros,102996415,74,74.0,643,770,0.4168780884870393,67.53425033490038,1391843.445945946,83.79372524274501,-16.259474907844634,13.070029276509132,23.218136598970027,0.22042848960009864,False
2009,Chicago Cubs,135050000,83,83.0,707,672,0.523493248542114,84.80590626382246,1627108.4337349397,87.33506141785185,-2.5291551540293824,13.070029276509132,23.218136598970027,0.22042848960009864,False
2009,New York Mets,135773988,70,70.0,671,757,0.4439323953768956,71.9170480510571,1939628.4,87.40494124620028,-15.487893195143187,13.070029276509132,23.218136598970027,0.22042848960009864,False
2009,New York Yankees,201449289,103,103.0,915,753,0.5939947270052676,96.22714577485334,1955818.3398058251,92.56166943319951,3.6654763416538287,13.070029276509132,23.218136598970027,0.22042848960009864,True
2010,San Diego Padres,37799300,90,90.0,665,581,0.5603326146073019,90.7738835663829,419992.22222222225,73.97133142941922,16.802552136963683,8.804069077670725,41.99239421827767,0.08836758033279613,False
2010,Pittsburgh Pirates,34943000,57,57.0,587,866,0.3252279469043664,52.68692739850736,613035.0877192982,73.27957440347294,-20.592647004965578,8.804069077670725,41.99239421827767,0.08836758033279613,False
2010,Texas Rangers,55250545,90,90.0,787,687,0.5636800327315051,91.31616530250383,613894.9444444445,77.3132470628006,14.002918239703234,8.804069077670725,41.99239421827767,0.08836758033279613,True
2010,Oakland Athletics,51654900,81,81.0,663,626,0.5260110373756499,85.21378805485529,637714.8148148148,76.72079357259811,8.492994482257174,8.804069077670725,41.99239421827767,0.08836758033279613,False
2010,Miami Marlins,55641500,80,80.0,719,717,0.5013026188947844,81.21102426095509,695518.75,77.37532562014158,3.8356986408135043,8.804069077670725,41.99239421827767,0.08836758033279613,False
2010,Toronto Blue Jays,62689357,85,85.0,755,728,0.5171813105013533,83.78337230121923,737521.8470588236,78.42531969971743,5.358052601501797,8.804069077670725,41.99239421827767,0.08836758033279613,False
2010,Tampa Bay Rays,71923471,96,96.0,802,649,0.597999332403611,96.87589184938498,749202.8229166666,79.63509530597099,17.240796543413992,8.804069077670725,41.99239421827767,0.08836758033279613,True
2010,Cincinnati Reds,72386544,91,91.0,790,685,0.5668052321135117,91.8224476023889,795456.5274725275,79.69159783870663,12.130849763682278,8.804069077670725,41.99239421827767,0.08836758033279613,True
2010,Cleveland Guardians,61203967,69,69.0,646,752,0.429956566891585,69.65296383643678,887014.0144927537,78.21420093406573,-8.561237097628947,8.804069077670725,41.99239421827767,0.08836758033279613,False
2010,Washington Nationals,61425000,69,69.0,655,742,0.4423946101040186,71.66792683685101,890217.3913043478,78.24593881713622,-6.578011980285211,8.804069077670725,41.99239421827767,0.08836758033279613,False
2010,Atlanta Braves,84423667,91,91.0,738,629,0.5731572620617967,92.85147645401108,927732.6043956043,81.04590446488575,11.805571989125326,8.804069077670725,41.99239421827767,0.08836758033279613,True
2010,Arizona Diamondbacks,60718167,65,65.0,713,836,0.4245218874509252,68.77254576704989,934125.6461538462,78.14404075474044,-9.371494987690554,8.804069077670725,41.99239421827767,0.08836758033279613,False
2010,Colorado Rockies,84227000,83,83.0,770,717,0.5336345006309742,86.44878910221782,1014783.1325301204,81.02537124472201,5.4234178574958065,8.804069077670725,41.99239421827767,0.08836758033279613,False
2010,Minnesota Twins,97559167,94,94.0,781,671,0.5707390986998244,92.45973398937156,1037863.4787234042,82.31907196964634,10.140662019725212,8.804069077670725,41.99239421827767,0.08836758033279613,True
2010,Milwaukee Brewers,81108279,77,77.0,750,804,0.4667904170985795,75.62004756996988,1053354.2727272727,80.69318935890101,-5.0731417889311246,8.804069077670725,41.99239421827767,0.08836758033279613,False
2010,San Francisco Giants,97828833,92,92.0,697,583,0.5801119374701088,93.97813387015762,1063356.8804347827,82.34337396976261,11.63475990039501,8.804069077670725,41.99239421827767,0.08836758033279613,True
2010,Kansas City Royals,72267710,67,67.0,676,845,0.3954762077260327,64.06714565161731,1078622.537313433,79.67713268540211,-15.609987033784805,8.804069077670725,41.99239421827767,0.08836758033279613,False
2010,St. Louis Cardinals,93540753,86,86.0,736,641,0.5635098712738893,91.28859914637006,1087683.1744186047,81.94875668921162,9.33984245715844,8.804069077670725,41.99239421827767,0.08836758033279613,False
2010,Los Angeles Dodgers,94945517,80,80.0,667,692,0.483069232042157,78.25721559082943,1186818.9625,82.07999031476456,-3.822774723935126,8.804069077670725,41.99239421827767,0.08836758033279613,False
2010,Houston Astros,92355500,76,76.0,611,729,0.4197490311608718,67.99934304806123,1215203.9473684211,81.8364877163508,-13.837144668289568,8.804069077670725,41.99239421827767,0.08836758033279613,False
2010,Chicago White Sox,108273197,88,88.0,752,704,0.5309277960745326,86.01030296407427,1230377.2386363635,83.2364436413389,2.773859322735376,8.804069077670725,41.99239421827767,0.08836758033279613,False
2010,Baltimore Orioles,81612500,66,66.0,613,785,0.3872044786618943,62.72712554322688,1236553.0303030305,80.74775166802922,-18.02062612480234,8.804069077670725,41.99239421827767,0.08836758033279613,False
2010,Los Angeles Angels,105013667,80,80.0,681,702,0.485953395160722,78.72445001603697,1312670.8375,82.96732850563261,-4.24287848959564,8.804069077670725,41.99239421827767,0.08836758033279613,False
2010,Philadelphia Phillies,141927381,97,97.0,772,640,0.5863917298874396,94.99546024176522,1463168.87628866,85.61933440539948,9.37612583636573,8.804069077670725,41.99239421827767,0.08836758033279613,True
2010,Detroit Tigers,122864929,81,81.0,751,743,0.5050653154780026,81.82058110743642,1516850.975308642,84.34952430045689,-2.528943193020467,8.804069077670725,41.99239421827767,0.08836758033279613,False
2010,Seattle Mariners,98376667,61,61.0,513,698,0.3662049778442412,59.32520641076708,1612732.245901639,82.39253855396714,-23.067332143200062,8.804069077670725,41.99239421827767,0.08836758033279613,False
2010,New York Mets,132701445,79,79.0,656,652,0.5027845481301751,81.45109679708837,1679765.1265822784,85.02758039271205,-3.576483595623685,8.804069077670725,41.99239421827767,0.08836758033279613,False
2010,Boston Red Sox,162747333,89,89.0,818,744,0.5453011241313953,88.33878210928604,1828621.7191011235,86.82446503703875,1.5143170722472945,8.804069077670725,41.99239421827767,0.08836758033279613,False
2010,Chicago Cubs,146859000,75,75.0,685,767,0.4471544775826349,72.43902536838687,1958120.0,85.92005866780715,-13.48103329942029,8.804069077670725,41.99239421827767,0.08836758033279613,False
2010,New York Yankees,206333389,95,95.0,859,693,0.6012650508725834,97.40493824135852,2171930.4105263157,88.91362097376964,8.491317267588883,8.804069077670725,41.99239421827767,0.08836758033279613,True
2011,Tampa Bay Rays,41932171,91,91.0,707,614,0.5640391707173278,91.3743456562071,460793.0879120879,74.93656439150791,16.437781264699183,8.513660648367736,43.12907411938191,0.120340607690134,True
2011,Kansas City Royals,36126400,71,71.0,730,762,0.4797268867807682,77.71575565848444,508822.5352112676,73.66777834162545,4.04797731685899,8.513660648367736,43.12907411938191,0.120340607690134,False
2011,Arizona Diamondbacks,53639833,94,94.0,731,662,0.545833793443314,88.42507453781685,570636.5212765958,77.03295634235431,11.392118195462544,8.513660648367736,43.12907411938191,0.120340607690134,True
2011,Cleveland Guardians,49188867,80,80.0,704,760,0.464069839765872,75.17931404207127,614860.8375,76.29546365870658,-1.1161496166353118,8.513660648367736,43.12907411938191,0.120340607690134,False
2011,Pittsburgh Pirates,46047000,72,72.0,610,712,0.429855815258271,69.63664207183992,639541.6666666666,75.73352201271356,-6.096879940873649,8.513660648367736,43.12907411938191,0.120340607690134,False
2011,San Diego Padres,45869140,71,71.0,593,611,0.48670907972497,78.84687091544514,646044.2253521127,75.70057368453408,3.1462972309110597,8.513660648367736,43.12907411938191,0.120340607690134,False
2011,Toronto Blue Jays,62517800,81,81.0,743,761,0.4886582459408634,79.16263584241987,771824.6913580247,78.33690325330788,0.8257325891119933,8.513660648367736,43.12907411938191,0.120340607690134,False
2011,Miami Marlins,56944000,72,72.0,625,702,0.4470846377178355,72.42771131028935,790888.8888888889,77.54187218802619,-5.114160877736836,8.513660648367736,43.12907411938191,0.120340607690134,False
2011,Washington Nationals,63681929,80,80.0,624,643,0.486447761848593,78.80453741947207,796024.1125,78.49397617990164,0.3105612395704327,8.513660648367736,43.12907411938191,0.120340607690134,False
2011,Milwaukee Brewers,85497333,96,96.0,721,638,0.556058690062024,90.0815077900479,890597.21875,81.00196736225561,9.079540427792281,8.513660648367736,43.12907411938191,0.120340607690134,True
2011,Oakland Athletics,66536500,74,74.0,645,679,0.4765475254224608,77.20069911843865,899141.8918918918,78.86729880397986,-1.6665996855412146,8.513660648367736,43.12907411938191,0.120340607690134,False
2011,Texas Rangers,92299265,96,96.0,855,677,0.6094096660806579,98.7243659050666,961450.6770833334,81.65369656312993,17.07066934193668,8.513660648367736,43.12907411938191,0.120340607690134,True
2011,Cincinnati Reds,76181365,79,79.0,735,720,0.5096776583166636,82.5677806472995,964321.0759493673,80.01976077672062,2.5480198705788837,8.513660648367736,43.12907411938191,0.120340607690134,False
2011,Atlanta Braves,87003192,89,89.0,641,605,0.5259279684106062,85.2003308825182,977563.9550561798,81.15061268594076,4.0497181965774445,8.513660648367736,43.12907411938191,0.120340607690134,False
2011,Detroit Tigers,105705232,95,95.0,787,711,0.5479237352623827,88.763645112506,1112686.652631579,82.80830399714299,5.955341115363012,8.513660648367736,43.12907411938191,0.120340607690134,True
2011,St. Louis Cardinals,105433572,90,90.0,762,692,0.5451006354340475,88.3063029403157,1171484.1333333333,82.78639592260461,5.519907017711091,8.513660648367736,43.12907411938191,0.120340607690134,True
2011,Colorado Rockies,87998071,73,73.0,735,774,0.4754954333287141,77.03026019925169,1205453.0273972603,81.24741374093645,-4.217153541684766,8.513660648367736,43.12907411938191,0.120340607690134,False
2011,Baltimore Orioles,85304038,69,69.0,708,860,0.4077918060999161,66.06227258818642,1236290.4057971016,80.98269762539184,-14.920425037205419,8.513660648367736,43.12907411938191,0.120340607690134,False
2011,Houston Astros,70694000,56,56.0,615,796,0.3822200051108183,61.91964082795257,1262392.857142857,79.3833120687882,-17.46367124083563,8.513660648367736,43.12907411938191,0.120340607690134,False
2011,Los Angeles Dodgers,103788990,82,82.0,644,612,0.5229598900719447,84.71950219165504,1265719.3902439023,82.65255087932005,2.066951312334993,8.513660648367736,43.12907411938191,0.120340607690134,False
2011,Seattle Mariners,86424600,67,67.0,556,675,0.414086639598601,67.08203561497336,1289919.4029850746,81.09380570983947,-14.011770094866108,8.513660648367736,43.12907411938191,0.120340607690134,False
2011,San Francisco Giants,118216333,86,86.0,570,578,0.4938881031812869,80.00987271536847,1374608.523255814,83.76065813610117,-3.750785420732697,8.513660648367736,43.12907411938191,0.120340607690134,False
2011,New York Mets,120147310,77,77.0,718,742,0.4845557154081408,78.4980258961188,1560354.6753246754,83.89859899257692,-5.400573096458118,8.513660648367736,43.12907411938191,0.120340607690134,False
2011,Los Angeles Angels,138998524,86,86.0,667,633,0.5237601036032999,84.8491367837346,1616261.9069767443,85.13942025974185,-0.2902834760072608,8.513660648367736,43.12907411938191,0.120340607690134,False
2011,Chicago White Sox,129285539,79,79.0,654,706,0.4648339624873803,75.30310192295562,1636525.8101265824,84.52269174209763,-9.219589819142016,8.513660648367736,43.12907411938191,0.120340607690134,False
2011,Philadelphia Phillies,172976381,102,102.0,713,529,0.6307812809783797,102.18656751849753,1695846.8725490195,87.00128756153799,15.185279956959533,8.513660648367736,43.12907411938191,0.120340607690134,True
2011,Chicago Cubs,125480664,71,71.0,654,756,0.432983111928377,70.14326413239708,1767333.295774648,84.26837368167511,-14.125109549278037,8.513660648367736,43.12907411938191,0.120340607690134,False
2011,Minnesota Twins,112737000,63,63.0,619,804,0.3803963679735419,61.62421161171379,1789476.1904761903,83.35661168616608,-21.732400074452286,8.513660648367736,43.12907411938191,0.120340607690134,False
2011,Boston Red Sox,161407476,90,90.0,875,737,0.5822186437452641,94.31942028673278,1793416.4,86.41194656073532,7.907473725997463,8.513660648367736,43.12907411938191,0.120340607690134,False
2011,New York Yankees,201689030,97,97.0,867,657,0.628956358613323,101.89093009535831,2079268.350515464,88.30874742577544,13.582182669582878,8.513660648367736,43.12907411938191,0.120340607690134,True
2012,Oakland Athletics,55372500,94,94.0,713,614,0.5679176136279271,92.0026534077242,589069.1489361703,77.41420483888174,14.588448568842452,7.34731007306672,47.92149178652092,0.05510261719805831,True
2012,Tampa Bay Rays,64173500,90,90.0,697,577,0.5845535552272445,94.6976759468136,713038.8888888889,78.4979865063324,16.199689440481208,7.34731007306672,47.92149178652092,0.05510261719805831,False
2012,San Diego Padres,55244700,76,76.0,651,710,0.4601342622130295,74.54175047851078,726903.947368421,77.397227612101,-2.8554771335902274,7.34731007306672,47.92149178652092,0.05510261719805831,False
2012,Pittsburgh Pirates,63431999,79,79.0,651,674,0.4841392031983467,78.43055091813217,802936.6962025317,78.41259678362255,0.017954134509622577,7.34731007306672,47.92149178652092,0.05510261719805831,False
2012,Washington Nationals,81336143,98,98.0,731,594,0.5937151856103187,96.18186006887164,829960.6428571428,80.23929993567869,15.942560133192956,7.34731007306672,47.92149178652092,0.05510261719805831,True
2012,Kansas City Royals,60916225,72,72.0,676,746,0.4541804467955532,73.57723238087962,846058.6805555555,78.11525929598547,-4.538026915105846,7.34731007306672,47.92149178652092,0.05510261719805831,False
2012,Cincinnati Reds,82203616,97,97.0,669,588,0.5578299080308128,90.36844510099166,847459.9587628866,80.31724615410528,10.051198946886387,7.34731007306672,47.92149178652092,0.05510261719805831,True
2012,Baltimore Orioles,81428999,93,93.0,712,705,0.504602584787212,81.74561873552834,875580.6344086021,80.24768308074005,1.497935654788293,7.34731007306672,47.92149178652092,0.05510261719805831,True
2012,Atlanta Braves,83309942,94,94.0,700,600,0.5696028875102277,92.27566777665687,886275.9787234042,80.41546942139772,11.860198355259158,7.34731007306672,47.92149178652092,0.05510261719805831,True
2012,Arizona Diamondbacks,74284833,81,81.0,734,688,0.5301442279181849,85.88336492274595,917096.7037037036,79.5730188045599,6.310346118186061,7.34731007306672,47.92149178652092,0.05510261719805831,False
2012,Toronto Blue Jays,75489200,73,73.0,716,784,0.4571425999803928,74.05710119682364,1034098.6301369864,79.6911841279772,-5.634082931153557,7.34731007306672,47.92149178652092,0.05510261719805831,False
2012,Seattle Mariners,81978100,75,75.0,619,651,0.4772611038285015,77.31629882021724,1093041.3333333333,80.29706196964358,-2.9807631494263376,7.34731007306672,47.92149178652092,0.05510261719805831,False
2012,Houston Astros,60651000,55,55.0,583,794,0.3610304360372893,58.48693063804087,1102745.4545454546,78.08319977655528,-19.59626913851441,7.34731007306672,47.92149178652092,0.05510261719805831,False
2012,Los Angeles Dodgers,95143575,86,86.0,637,597,0.5290038616486048,85.69862558707398,1106320.6395348837,81.3913330669464,4.307292520127575,7.34731007306672,47.92149178652092,0.05510261719805831,False
2012,Chicago White Sox,96919500,85,85.0,748,676,0.5470761915535306,88.62634303167195,1140229.4117647058,81.52721179878871,7.099131232883238,7.34731007306672,47.92149178652092,0.05510261719805831,False
2012,Cleveland Guardians,78430300,68,68.0,667,845,0.3895811207401998,63.11214155991237,1153386.7647058824,79.97200370174833,-16.85986214183597,7.34731007306672,47.92149178652092,0.05510261719805831,False
2012,Milwaukee Brewers,97653944,83,83.0,776,733,0.527014484901828,85.37634655409613,1176553.5421686748,81.5826789099902,3.7936676441059376,7.34731007306672,47.92149178652092,0.05510261719805831,False
2012,Colorado Rockies,78069571,64,64.0,758,890,0.4225285182860515,68.44961996234034,1219837.046875,79.93813284304152,-11.48851288070118,7.34731007306672,47.92149178652092,0.05510261719805831,False
2012,San Francisco Giants,117620683,94,94.0,718,649,0.546451571246338,88.52515454190676,1251283.8617021276,82.94953463879544,5.575619903111317,7.34731007306672,47.92149178652092,0.05510261719805831,True
2012,St. Louis Cardinals,110300862,88,88.0,765,648,0.5766534374389732,93.41785686511366,1253418.8863636365,82.4774467889842,10.940410076129467,7.34731007306672,47.92149178652092,0.05510261719805831,True
2012,New York Mets,93353983,74,74.0,650,709,0.4600925441942187,74.53499215946344,1261540.310810811,81.25181844888633,-6.716826289422883,7.34731007306672,47.92149178652092,0.05510261719805831,False
2012,Texas Rangers,120510974,93,93.0,808,707,0.5630741291146252,91.21800891656927,1295816.9247311829,83.12789737586115,8.090111540708122,7.34731007306672,47.92149178652092,0.05510261719805831,True
2012,Minnesota Twins,94085000,66,66.0,701,832,0.4190821808191077,67.89131329269546,1425530.303030303,81.30912814736368,-13.417814854668222,7.34731007306672,47.92149178652092,0.05510261719805831,False
2012,Chicago Cubs,88197033,61,61.0,613,759,0.4026521921026277,65.2296551206257,1445853.0,80.8343059855747,-15.604650864949008,7.34731007306672,47.92149178652092,0.05510261719805831,False
2012,Detroit Tigers,132300000,88,88.0,726,670,0.5371668039503508,87.02102223995682,1503409.0909090908,83.81363102232449,3.2073912176323347,7.34731007306672,47.92149178652092,0.05510261719805831,True
2012,Miami Marlins,118078000,69,69.0,609,724,0.4214755677841906,68.27904198103889,1711275.3623188406,82.97804607529866,-14.699004094259777,7.34731007306672,47.92149178652092,0.05510261719805831,False
2012,Los Angeles Angels,154485166,89,89.0,767,699,0.5435616060856353,88.05698018587292,1735788.382022472,84.95265517000952,3.1043250158633953,7.34731007306672,47.92149178652092,0.05510261719805831,False
2012,New York Yankees,197962289,95,95.0,804,668,0.586401323769044,94.99701445058513,2083813.5684210523,86.77462991122337,8.222384539361755,7.34731007306672,47.92149178652092,0.05510261719805831,True
2012,Philadelphia Phillies,174538938,81,81.0,684,680,0.5027025488701912,81.43781291697097,2154801.703703704,85.84939273603001,-4.4115798190590425,7.34731007306672,47.92149178652092,0.05510261719805831,False
2012,Boston Red Sox,173186617,69,69.0,734,806,0.4554719108102004,73.78644955125246,2509950.9710144927,85.7922443806361,-12.005794829383646,7.34731007306672,47.92149178652092,0.05510261719805831,False
2013,Houston Astros,22062600,51,51.0,610,848,0.350031899665864,56.70516774586998,432600.0,66.8479419864528,-10.142774240582817,9.796317604982,36.53927298983262,0.14720013976618362,False
2013,Miami Marlins,36341900,62,62.0,513,646,0.3999948119828222,64.7991595412172,586159.6774193548,71.73716143679121,-6.938001895574018,9.796317604982,36.53927298983262,0.14720013976618362,False
2013,Tampa Bay Rays,57895272,92,92.0,700,646,0.5367203939583111,86.9487038212464,629296.4347826086,76.29895757735949,10.64974624388691,9.796317604982,36.53927298983262,0.14720013976618362,True
2013,Oakland Athletics,60664500,96,96.0,767,625,0.5937681623073979,96.19044229379848,631921.875,76.75667053562441,19.433771758174075,9.796317604982,36.53927298983262,0.14720013976618362,True
2013,Cleveland Guardians,77772800,92,92.0,745,662,0.5546948962409818,89.86057319103905,845356.5217391305,79.19039981422134,10.670173376817715,9.796317604982,36.53927298983262,0.14720013976618362,True
2013,Pittsburgh Pirates,79555000,94,94.0,634,577,0.5418538915389914,87.7803304293166,846329.7872340425,79.41235351961427,8.367976909702335,9.796317604982,36.53927298983262,0.14720013976618362,True
2013,San Diego Padres,67143600,76,76.0,618,700,0.4433957633015158,71.83011365484556,883468.4210526316,77.75075113899803,-5.920637484152465,9.796317604982,36.53927298983262,0.14720013976618362,False
2013,Atlanta Braves,89778192,96,96.0,688,548,0.6005238796856094,97.28486850906872,935189.5,80.59666453105669,16.688203978012027,9.796317604982,36.53927298983262,0.14720013976618362,True
2013,Kansas City Royals,81491725,86,86.0,648,601,0.5337777851969886,86.47200120191215,947578.1976744186,79.64798312232693,6.8240180795852154,9.796317604982,36.53927298983262,0.14720013976618362,False
2013,Colorado Rockies,71924071,74,74.0,706,760,0.4653837002427818,75.39215943933065,971946.9054054054,78.42451623380833,-3.0323567944776784,9.796317604982,36.53927298983262,0.14720013976618362,False
2013,New York Mets,73396649,74,74.0,619,684,0.4547137855954132,73.66363326645694,991846.6081081082,78.62306101920205,-4.959427752745114,9.796317604982,36.53927298983262,0.14720013976618362,False
2013,Seattle Mariners,72031143,71,71.0,624,754,0.4134247802698295,66.97481440371237,1014523.1408450704,78.43908898158011,-11.46427457786774,9.796317604982,36.53927298983262,0.14720013976618362,False
2013,Baltimore Orioles,90993333,85,85.0,745,709,0.5232278668092077,84.76291442309166,1070509.8,80.72836764600217,4.0345467770894885,9.796317604982,36.53927298983262,0.14720013976618362,False
2013,Arizona Diamondbacks,89100500,81,81.0,685,695,0.493299811657987,79.9145694885939,1100006.172839506,80.52243637386928,-0.607866885275385,9.796317604982,36.53927298983262,0.14720013976618362,False
2013,Milwaukee Brewers,82976944,74,74.0,640,687,0.4676477418926053,75.75893418660205,1121310.054054054,79.82491739977928,-4.065983213177233,9.796317604982,36.53927298983262,0.14720013976618362,False
2013,Minnesota Twins,75802500,66,66.0,614,788,0.3861527729529399,62.55674921837627,1148522.7272727273,78.93902158241428,-16.382272364038016,9.796317604982,36.53927298983262,0.14720013976618362,False
2013,St. Louis Cardinals,115222086,97,97.0,783,596,0.6235309393251366,101.01201217067212,1187856.5567010308,83.0410353675168,17.970976803155324,9.796317604982,36.53927298983262,0.14720013976618362,True
2013,Cincinnati Reds,107491305,90,90.0,698,589,0.5763428444309971,93.36754079782152,1194347.8333333333,82.36066653233678,11.00687426548474,9.796317604982,36.53927298983262,0.14720013976618362,True
2013,Texas Rangers,114090100,91,91.0,730,636,0.5630941895858936,91.22125871291476,1253737.362637363,82.9443167006946,8.276942012220161,9.796317604982,36.53927298983262,0.14720013976618362,False
2013,Washington Nationals,114056769,86,86.0,656,626,0.5211765740330473,84.43060499335365,1326241.5,82.94145432466598,1.489150668687671,9.796317604982,36.53927298983262,0.14720013976618362,False
2013,Boston Red Sox,150655500,97,97.0,853,656,0.6220475453516887,100.77170234697356,1553149.4845360825,85.66776437343898,15.10393797353457,9.796317604982,36.53927298983262,0.14720013976618362,True
2013,Chicago Cubs,104304676,66,66.0,602,689,0.4390794603272444,71.13087257301359,1580373.878787879,82.06585842935792,-10.934985856344326,9.796317604982,36.53927298983262,0.14720013976618362,False
2013,Toronto Blue Jays,117527800,74,74.0,712,756,0.47181062045265,76.4333205133293,1588213.5135135136,83.23513424309994,-6.801813729770629,9.796317604982,36.53927298983262,0.14720013976618362,False
2013,Detroit Tigers,148414500,93,93.0,796,624,0.6115719106191118,99.0746495202961,1595854.838709677,85.52094952305129,13.55369999724482,9.796317604982,36.53927298983262,0.14720013976618362,True
2013,Los Angeles Angels,127896250,78,78.0,733,737,0.4974378815877914,80.58493681722221,1639695.5128205128,84.06335888978973,-3.4784220725675112,9.796317604982,36.53927298983262,0.14720013976618362,False
2013,San Francisco Giants,140264334,76,76.0,629,691,0.4571927958318267,74.06523292475593,1845583.3421052631,84.96765063963221,-10.902417714876279,9.796317604982,36.53927298983262,0.14720013976618362,False
2013,Chicago White Sox,119073277,63,63.0,598,723,0.4141920089376648,67.09910544790169,1890052.015873016,83.36311505423019,-16.2640096063285,9.796317604982,36.53927298983262,0.14720013976618362,False
2013,Philadelphia Phillies,165385714,73,73.0,610,749,0.406618168230973,65.87214325341763,2265557.7260273974,86.58161026651574,-20.709467013098106,9.796317604982,36.53927298983262,0.14720013976618362,False
2013,Los Angeles Dodgers,216597577,92,92.0,649,582,0.548597751879196,88.87283580442976,2354321.4891304346,89.22427216815952,-0.3514363637297606,9.796317604982,36.53927298983262,0.14720013976618362,True
2013,New York Yankees,228835490,85,85.0,650,671,0.4854865937360629,78.6488281852422,2692182.2352941176,89.76269946423156,-11.113871278989365,9.796317604982,36.53927298983262,0.14720013976618362,False
2014,Miami Marlins,47565400,77,77.0,645,674,0.4799396059187501,77.75021615883752,617732.4675324676,77.29539975788813,0.45481640094938314,4.638764060124486,59.38000307559121,0.03847898149218831,False
2014,Houston Astros,44544174,70,70.0,629,723,0.4363324676647421,70.68585976168823,636345.3428571429,76.99098441410626,-6.30512465241803,4.638764060124486,59.38000307559121,0.03847898149218831,False
2014,Pittsburgh Pirates,78111667,88,88.0,682,631,0.5353654640861466,86.72920518195575,887632.5795454546,79.59638363755253,7.132821544403214,4.638764060124486,59.38000307559121,0.03847898149218831,True
2014,Oakland Athletics,83401400,88,88.0,729,572,0.6084978028685295,98.57664406470178,947743.1818181818,79.90034173599011,18.67630232871167,4.638764060124486,59.38000307559121,0.03847898149218831,True
2014,Cleveland Guardians,82534800,85,85.0,669,653,0.5110527819305657,82.79055067275164,970997.6470588236,79.85188950576718,2.93866116698446,4.638764060124486,59.38000307559121,0.03847898149218831,False
2014,Tampa Bay Rays,77062891,77,77.0,612,625,0.4905835416872519,79.47453375333481,1000816.7662337662,79.5336787900765,-0.05914503674168259,4.638764060124486,59.38000307559121,0.03847898149218831,False
2014,Kansas City Royals,92034345,89,89.0,651,624,0.5191349342466678,84.09985934796018,1034093.7640449438,80.35724481234276,3.7426145356174203,4.638764060124486,59.38000307559121,0.03847898149218831,True
2014,Seattle Mariners,92081943,87,87.0,634,554,0.5594543038494103,90.63159722360447,1058413.1379310344,80.35964325192734,10.271953971677135,4.638764060124486,59.38000307559121,0.03847898149218831,False
2014,Baltimore Orioles,107406623,96,96.0,705,593,0.5779502585440666,93.62794188413878,1118818.9895833333,81.07374842150617,12.554193462632611,4.638764060124486,59.38000307559121,0.03847898149218831,True
2014,New York Mets,89051758,79,79.0,629,618,0.5079223498365685,82.28342067352409,1127237.4430379746,80.20442503820405,2.078995635320041,4.638764060124486,59.38000307559121,0.03847898149218831,False
2014,San Diego Padres,90094196,77,77.0,535,577,0.4672056904107152,75.68732184653587,1170054.4935064935,80.2584109463472,-4.571089099811331,4.638764060124486,59.38000307559121,0.03847898149218831,False
2014,Chicago Cubs,89007857,73,73.0,614,707,0.4359608292826721,70.62565434379289,1219285.7123287672,80.20213764265813,-9.576483298865242,4.638764060124486,59.38000307559121,0.03847898149218831,False
2014,Minnesota Twins,85776500,70,70.0,715,777,0.4607635205619951,74.6436903310432,1225378.5714285714,80.030598139925,-5.386907808881801,4.638764060124486,59.38000307559121,0.03847898149218831,False
2014,St. Louis Cardinals,111020360,90,90.0,619,603,0.5116902304803532,82.89381733781723,1233559.5555555555,81.22725329346996,1.6665640443472682,4.638764060124486,59.38000307559121,0.03847898149218831,True
2014,Chicago White Sox,91159254,73,73.0,660,758,0.4358476309274222,70.6073162102424,1248756.904109589,80.3129269805118,-9.705610770269402,4.638764060124486,59.38000307559121,0.03847898149218831,False
2014,Milwaukee Brewers,103844806,82,82.0,650,657,0.4951244554580099,80.21016178419761,1266400.0731707318,80.9173092940616,-0.7071475098639866,4.638764060124486,59.38000307559121,0.03847898149218831,False
2014,Washington Nationals,134704437,96,96.0,686,555,0.5939044573713401,96.2125220941571,1403171.21875,82.1242483852849,14.088273708872194,4.638764060124486,59.38000307559121,0.03847898149218831,True
2014,Atlanta Braves,110897341,79,79.0,573,597,0.4819155479325157,78.07031876506755,1403763.8101265824,81.22211034027791,-3.1517915752103534,4.638764060124486,59.38000307559121,0.03847898149218831,False
2014,Colorado Rockies,95832071,66,66.0,755,818,0.4616037633020758,74.77980965493629,1452001.0757575757,80.54481591232152,-5.765006257385238,4.638764060124486,59.38000307559121,0.03847898149218831,False
2014,Cincinnati Reds,112390772,76,76.0,595,612,0.4874694940232614,78.97005803176835,1478825.9473684211,81.28416270177584,-2.314104670007495,4.638764060124486,59.38000307559121,0.03847898149218831,False
2014,Los Angeles Angels,155692000,98,98.0,773,630,0.5938963668831619,96.21121143507224,1588693.8775510204,82.79592599228639,13.415285442785859,4.638764060124486,59.38000307559121,0.03847898149218831,True
2014,Toronto Blue Jays,132628700,83,83.0,723,686,0.5244130343928403,84.95491157164012,1597936.1445783132,82.05221056899299,2.9027010026471345,4.638764060124486,59.38000307559121,0.03847898149218831,False
2014,San Francisco Giants,154185878,88,88.0,665,614,0.5360319295007872,86.83717257912753,1752112.25,82.75083339216573,4.086339186961794,4.638764060124486,59.38000307559121,0.03847898149218831,True
2014,Arizona Diamondbacks,112688666,64,64.0,615,742,0.4144744231517464,67.14485655058292,1760760.40625,81.29644157362713,-14.15158502304422,4.638764060124486,59.38000307559121,0.03847898149218831,False
2014,Detroit Tigers,162228527,90,90.0,757,705,0.5334018866535292,86.41110563787173,1802539.1888888888,82.98670121793955,3.4244044199321735,4.638764060124486,59.38000307559121,0.03847898149218831,True
2014,Texas Rangers,136036172,67,67.0,637,773,0.4109405762693748,66.57237335563873,2030390.6268656717,82.1698836100995,-15.597510254460772,4.638764060124486,59.38000307559121,0.03847898149218831,False
2014,Boston Red Sox,162817411,71,71.0,634,715,0.4449968795160943,72.08949448160728,2293202.971830986,83.0035092847641,-10.914014803156832,4.638764060124486,59.38000307559121,0.03847898149218831,False
2014,New York Yankees,203812506,84,84.0,633,664,0.4782987635193813,77.48439969013978,2426339.3571428573,84.04524157655418,-6.560841886414394,4.638764060124486,59.38000307559121,0.03847898149218831,False
2014,Philadelphia Phillies,180052723,73,73.0,619,687,0.452709544702095,73.33894624173941,2466475.657534247,83.47026320209264,-10.131316960353232,4.638764060124486,59.38000307559121,0.03847898149218831,False
2014,Los Angeles Dodgers,235295219,94,94.0,718,617,0.5689833869863988,92.17530869179662,2503140.6276595746,84.7115559367559,7.463752755040716,4.638764060124486,59.38000307559121,0.03847898149218831,True
2015,Houston Astros,70910100,86,86.0,729,618,0.5752655175659894,93.19301384569027,824536.0465116279,79.2460393404211,13.946974505269168,3.6493716157424507,63.69456014211895,0.013630017664171823,True
2015,Pittsburgh Pirates,88278500,98,98.0,697,596,0.5705615607484562,92.43097284124993,900801.0204081632,80.04555722155989,12.385415619690036,3.6493716157424507,63.69456014211895,0.013630017664171823,True
2015,Tampa Bay Rays,76061707,80,80.0,644,642,0.5014092225382275,81.22829405119286,950771.3375,79.50197731692116,1.7263167342717054,3.6493716157424507,63.69456014211895,0.013630017664171823,False
2015,Miami Marlins,68479000,71,71.0,613,678,0.4544150078946162,73.61523127892784,964492.9577464788,79.11872827957644,-5.503497000648608,3.6493716157424507,63.69456014211895,0.013630017664171823,False
2015,Cleveland Guardians,86091175,81,81.0,669,640,0.5202053093705251,84.27326011802506,1062854.012345679,79.95399565271327,4.3192644653117895,3.6493716157424507,63.69456014211895,0.013630017664171823,False
2015,New York Mets,101409244,90,90.0,683,613,0.5489417977451252,88.92857123471028,1126769.3777777778,80.55160704711231,8.376964187597963,3.6493716157424507,63.69456014211895,0.013630017664171823,True
2015,Arizona Diamondbacks,91518833,79,79.0,720,713,0.5045658862062623,81.73967356541449,1158466.240506329,80.1771104497554,1.5625631156590885,3.6493716157424507,63.69456014211895,0.013630017664171823,False
2015,Kansas City Royals,113618650,95,95.0,724,641,0.5558837511250675,90.05316768226093,1195985.7894736845,80.96648007367078,9.086687608590154,3.6493716157424507,63.69456014211895,0.013630017664171823,True
2015,St. Louis Cardinals,120869458,100,100.0,647,525,0.5911482138082588,95.76601063693792,1208694.58,81.19224274966433,14.57376788727359,3.6493716157424507,63.69456014211895,0.013630017664171823,True
2015,Chicago Cubs,119006885,97,97.0,689,608,0.5565588895241718,90.16254010291584,1226875.1030927836,81.13556890211518,9.02697120080066,3.6493716157424507,63.69456014211895,0.013630017664171823,True
2015,Oakland Athletics,86086667,68,68.0,694,729,0.4770673134191738,77.28490477390615,1265980.3970588236,79.9538045553333,-2.6688997814271573,3.6493716157424507,63.69456014211895,0.013630017664171823,False
2015,Minnesota Twins,108945000,83,83.0,696,700,0.4973417673987993,80.56936631860549,1312590.3614457832,80.8131900523185,-0.2438237337130147,3.6493716157424507,63.69456014211895,0.013630017664171823,False
2015,Toronto Blue Jays,122506600,93,93.0,891,670,0.6332449378569501,102.58567993282593,1317275.2688172045,81.24134067419254,21.344339258633383,3.6493716157424507,63.69456014211895,0.013630017664171823,True
2015,Baltimore Orioles,110146097,81,81.0,713,693,0.5132215903062833,83.1418976296179,1359828.3580246917,80.85320348300742,2.2886941466104815,3.6493716157424507,63.69456014211895,0.013630017664171823,False
2015,San Diego Padres,100675896,74,74.0,650,731,0.4459044292092893,72.23651753190487,1360485.0810810812,80.52512047691121,-8.288602945006346,3.6493716157424507,63.69456014211895,0.013630017664171823,False
2015,Atlanta Braves,97578565,67,67.0,573,760,0.3735205948567125,60.51033636678743,1456396.4925373134,80.41108287548761,-19.90074650870018,3.6493716157424507,63.69456014211895,0.013630017664171823,False
2015,Colorado Rockies,102006130,68,68.0,737,844,0.4351963750376157,70.50181275609374,1500090.1470588236,80.57302396398747,-10.071211207893725,3.6493716157424507,63.69456014211895,0.013630017664171823,False
2015,Chicago White Sox,115238678,76,76.0,622,701,0.4456012807940681,72.18740748863902,1516298.394736842,81.01814704893444,-8.830739560295413,3.6493716157424507,63.69456014211895,0.013630017664171823,False
2015,Milwaukee Brewers,105002536,68,68.0,655,737,0.4455477836187879,72.17874094624364,1544154.9411764706,80.67867908472373,-8.49993813848009,3.6493716157424507,63.69456014211895,0.013630017664171823,False
2015,Seattle Mariners,119798060,76,76.0,656,726,0.4532419934293631,73.42520293555683,1576290.2631578948,81.15975016144499,-7.734547225888164,3.6493716157424507,63.69456014211895,0.013630017664171823,False
2015,Texas Rangers,142140873,88,88.0,751,733,0.5114505062523502,82.85498201288074,1615237.193181818,81.7838333519482,1.0711486609325362,3.6493716157424507,63.69456014211895,0.013630017664171823,True
2015,Los Angeles Angels,150933083,85,85.0,661,675,0.4904009167283519,79.44494850999301,1775683.3294117646,82.00286115671423,-2.5579126467212205,3.6493716157424507,63.69456014211895,0.013630017664171823,False
2015,Cincinnati Reds,117197072,64,64.0,640,754,0.4245727467121125,68.78078496736222,1831204.25,81.07964427216083,-12.298859304798611,3.6493716157424507,63.69456014211895,0.013630017664171823,False
2015,Washington Nationals,164920505,83,83.0,703,635,0.5464839804555266,88.5304048337953,1986994.0361445784,82.32629397940936,6.204110854385945,3.6493716157424507,63.69456014211895,0.013630017664171823,False
2015,San Francisco Giants,172672111,84,84.0,696,627,0.5475440601130496,88.70213773831404,2055620.369047619,82.49391295345625,6.208224784857791,3.6493716157424507,63.69456014211895,0.013630017664171823,False
2015,Philadelphia Phillies,135827500,63,63.0,626,809,0.3823448227017098,61.93986127767699,2155992.063492063,81.61803170347801,-19.67817042580102,3.6493716157424507,63.69456014211895,0.013630017664171823,False
2015,Detroit Tigers,173813750,74,74.0,689,803,0.4279829473166071,69.33323746529035,2348834.4594594594,82.51796172720421,-13.184724261913857,3.6493716157424507,63.69456014211895,0.013630017664171823,False
2015,Boston Red Sox,187407202,78,78.0,748,753,0.4968446640396202,80.48883557441847,2402656.435897436,82.7927574998,-2.3039219253815304,3.6493716157424507,63.69456014211895,0.013630017664171823,False
2015,New York Yankees,219282196,87,87.0,764,698,0.5423670570230941,87.86346323774124,2520485.011494253,83.36598497794989,4.49747825979135,3.6493716157424507,63.69456014211895,0.013630017664171823,True
2015,Los Angeles Dodgers,272789040,92,92.0,667,595,0.5512929600970731,89.30945953572584,2965098.2608695654,84.16278615873301,5.146673376992823,3.6493716157424507,63.69456014211895,0.013630017664171823,True
2016,Houston Astros,69064200,84,84.0,724,701,0.5150592512323235,83.43959869963642,822192.8571428572,74.26843266995756,9.171166029678858,13.365847610515502,17.663580095182617,0.15280911033256617,False
2016,Cleveland Guardians,86339067,94,94.0,777,676,0.5650829077851985,91.54343106120216,918500.7127659576,77.2523003705825,14.291130690619653,13.365847610515502,17.663580095182617,0.15280911033256617,True
2016,Arizona Diamondbacks,70762833,69,69.0,752,890,0.4188432385050008,67.85260463781013,1025548.304347826,74.5931879948429,-6.740583357032776,13.365847610515502,17.663580095182617,0.15280911033256617,False
2016,Miami Marlins,84637500,79,79.0,655,682,0.4814688177850022,77.99794848117035,1071360.759493671,76.98625647336397,1.0116920078063885,13.365847610515502,17.663580095182617,0.15280911033256617,False
2016,Tampa Bay Rays,73649584,68,68.0,672,713,0.4726182278707567,76.56415291506259,1083082.1176470588,75.12761592248849,1.436536992574105,13.365847610515502,17.663580095182617,0.15280911033256617,False
2016,Pittsburgh Pirates,85885832,78,78.0,729,758,0.4815494599196137,78.01101250697742,1101100.4102564105,77.1819518441882,0.8290606627892174,13.365847610515502,17.663580095182617,0.15280911033256617,False
2016,Chicago Cubs,116654522,103,103.0,808,556,0.6660078087116509,107.89326501128744,1132568.1747572816,81.27454609824653,26.618718913040908,13.365847610515502,17.663580095182617,0.15280911033256617,True
2016,New York Mets,99626453,87,87.0,671,617,0.5379560734238327,87.1488838946609,1145131.6436781608,79.16556181418119,7.983322080479709,13.365847610515502,17.663580095182617,0.15280911033256617,True
2016,Oakland Athletics,80279166,69,69.0,653,761,0.4292196545670276,69.53358403985847,1163466.1739130437,76.27964025709701,-6.7460562172385465,13.365847610515502,17.663580095182617,0.15280911033256617,False
2016,Chicago White Sox,98712867,78,78.0,686,715,0.4807834742424659,77.88692282727948,1265549.576923077,79.04243002553874,-1.155507198259258,13.365847610515502,17.663580095182617,0.15280911033256617,False
2016,Atlanta Braves,87622648,68,68.0,649,779,0.4154248174876863,67.29882043300518,1288568.3529411764,77.44954445263741,-10.150724019632236,13.365847610515502,17.663580095182617,0.15280911033256617,False
2016,Baltimore Orioles,115587632,89,89.0,744,715,0.5186689989389561,84.02437782811089,1298737.4382022473,81.15174333204186,2.8726344960690255,13.365847610515502,17.663580095182617,0.15280911033256617,True
2016,Colorado Rockies,98261171,75,75.0,845,860,0.4913567134999011,79.59978758698398,1310148.9466666668,78.98112945469902,0.6186581322849634,13.365847610515502,17.663580095182617,0.15280911033256617,False
2016,Milwaukee Brewers,98683035,73,73.0,671,733,0.4590300095603991,74.36286154878466,1351822.397260274,79.03839012435625,-4.67552857557159,13.365847610515502,17.663580095182617,0.15280911033256617,False
2016,Kansas City Royals,112914525,81,81.0,675,712,0.4753117596394178,77.00050506158568,1394006.4814814816,80.83901131019434,-3.8385062486086525,13.365847610515502,17.663580095182617,0.15280911033256617,False
2016,St. Louis Cardinals,120301957,86,86.0,779,712,0.5424103866777576,87.87048264179674,1398859.965116279,81.68605551539653,6.184427126400209,13.365847610515502,17.663580095182617,0.15280911033256617,False
2016,Toronto Blue Jays,126369628,89,89.0,759,666,0.5606908532524235,90.8319182268926,1419883.4606741574,82.34373912217112,8.488179104721482,13.365847610515502,17.663580095182617,0.15280911033256617,True
2016,Seattle Mariners,122706842,86,86.0,768,707,0.5389214114714481,87.3052686583746,1426823.7441860463,81.95060869997124,5.35465995840336,13.365847610515502,17.663580095182617,0.15280911033256617,False
2016,Texas Rangers,144307373,95,95.0,765,757,0.5049986999069889,81.8097893849322,1519024.9789473685,84.11784677011102,-2.308057385178813,13.365847610515502,17.663580095182617,0.15280911033256617,True
2016,San Diego Padres,112895700,68,68.0,686,770,0.4459782750958966,72.24848056553525,1660230.8823529412,80.83678278328108,-8.588302217745834,13.365847610515502,17.663580095182617,0.15280911033256617,False
2016,Cincinnati Reds,116732284,68,68.0,716,854,0.4162372392140226,67.43043275267168,1716651.2352941176,81.28345281493856,-13.853020062266879,13.365847610515502,17.663580095182617,0.15280911033256617,False
2016,Washington Nationals,166010977,95,95.0,763,612,0.6004643619178446,97.27522663069082,1747483.968421053,85.99051366875364,11.284712961937188,13.365847610515502,17.663580095182617,0.15280911033256617,True
2016,Minnesota Twins,108262000,59,59.0,722,889,0.40076666803272,64.92420022130064,1834949.152542373,80.27661785930732,-15.352417638006685,13.365847610515502,17.663580095182617,0.15280911033256617,False
2016,Philadelphia Phillies,133048000,71,71.0,610,796,0.3787576162731279,61.358733836246714,1873915.4929577464,83.03206419951871,-21.673330363272,13.365847610515502,17.663580095182617,0.15280911033256617,False
2016,San Francisco Giants,166495942,87,87.0,715,631,0.5571181555295146,90.25314119578135,1913746.4597701149,86.02950216801375,4.223639027767604,13.365847610515502,17.663580095182617,0.15280911033256617,True
2016,Boston Red Sox,182161414,93,93.0,878,694,0.6109918079924692,98.98067289478,1958724.8817204305,87.23138922330216,11.74928367147784,13.365847610515502,17.663580095182617,0.15280911033256617,True
2016,Los Angeles Angels,146449583,74,74.0,717,727,0.4935129034875423,79.94909036498186,1979048.4189189188,84.3148014425334,-4.365711077551538,13.365847610515502,17.663580095182617,0.15280911033256617,False
2016,Detroit Tigers,172282250,86,86.0,750,721,0.5185933269597,84.0121189674714,2003281.976744186,86.48612207235331,-2.474003104881916,13.365847610515502,17.663580095182617,0.15280911033256617,False
2016,Los Angeles Dodgers,223352402,91,91.0,725,638,0.5586208241598477,90.49657351389531,2454422.0,89.95611908012819,0.540454433767124,13.365847610515502,17.663580095182617,0.15280911033256617,True
2016,New York Yankees,213472857,84,84.0,680,702,0.4852771880205992,78.61490445933708,2541343.535714286,89.35143328390913,-10.736528824572048,13.365847610515502,17.663580095182617,0.15280911033256617,False
2017,Milwaukee Brewers,63061300,86,86.0,732,697,0.5228640488592194,84.70397591519355,733270.9302325582,73.8113786124012,10.892597302792353,10.022243931850715,32.27812468080874,0.07467232149678948,False
2017,Tampa Bay Rays,69962532,80,80.0,694,704,0.4933614310887632,79.92455183637965,874531.65,74.85221442608258,5.072337410297067,10.022243931850715,32.27812468080874,0.07467232149678948,False
2017,Arizona Diamondbacks,93257600,93,93.0,812,659,0.5970621120375005,96.72406215007508,1002769.8924731184,77.7326646086001,18.99139754147498,10.022243931850715,32.27812468080874,0.07467232149678948,True
2017,San Diego Padres,71624400,71,71.0,604,816,0.3633313814071425,58.85968378795708,1008794.3661971831,75.08749618796962,-16.22781240001254,10.022243931850715,32.27812468080874,0.07467232149678948,False
2017,Oakland Athletics,81738333,75,75.0,739,826,0.4468535748541887,72.39027912637857,1089844.44,76.41130718815413,-4.021028061775553,10.022243931850715,32.27812468080874,0.07467232149678948,False
2017,Cleveland Guardians,124861165,102,102.0,818,564,0.6654955604611617,107.8102807947082,1224129.068627451,80.65752504331633,27.15275575139188,10.022243931850715,32.27812468080874,0.07467232149678948,True
2017,Houston Astros,124343900,101,101.0,896,700,0.6167986248259768,99.92137722180824,1231127.7227722772,80.61591944069741,19.30545778111083,10.022243931850715,32.27812468080874,0.07467232149678948,True
2017,Minnesota Twins,108077500,85,85.0,815,788,0.5162544908492732,83.63322751758226,1271500.0,79.21077526880086,4.422452248781397,10.022243931850715,32.27812468080874,0.07467232149678948,True
2017,Pittsburgh Pirates,100575946,75,75.0,668,731,0.4582656262233174,74.23903144817743,1341012.6133333333,78.48982075517806,-4.25078930700063,10.022243931850715,32.27812468080874,0.07467232149678948,False
2017,Cincinnati Reds,93768785,68,68.0,753,869,0.4310558208415141,69.83104297632529,1378952.7205882352,77.78745081988315,-7.956407843557855,10.022243931850715,32.27812468080874,0.07467232149678948,False
2017,Miami Marlins,111881100,77,77.0,778,822,0.473487156830677,76.70491940656967,1453001.298701299,79.55742602376155,-2.852506617191878,10.022243931850715,32.27812468080874,0.07467232149678948,False
2017,Chicago White Sox,99119770,67,67.0,706,820,0.4292453207356274,69.53774195917164,1479399.552238806,78.34365427698472,-8.805912317813082,10.022243931850715,32.27812468080874,0.07467232149678948,False
2017,Colorado Rockies,130963571,87,87.0,824,757,0.5406794213446376,87.5900662578313,1505328.4022988505,81.13575405687541,6.454312200955883,10.022243931850715,32.27812468080874,0.07467232149678948,True
2017,Atlanta Braves,112437541,72,72.0,732,821,0.4453410788332809,72.1452547709915,1561632.513888889,79.60714814091952,-7.4618933699280205,10.022243931850715,32.27812468080874,0.07467232149678948,False
2017,Philadelphia Phillies,111378000,66,66.0,690,782,0.4413227852034175,71.49429120295365,1687545.4545454546,79.5122569851258,-8.017965782172155,10.022243931850715,32.27812468080874,0.07467232149678948,False
2017,Washington Nationals,167846918,97,97.0,819,672,0.5924394048525634,95.97518358611528,1730380.5979381443,83.62260512465895,12.352578461456332,10.022243931850715,32.27812468080874,0.07467232149678948,True
2017,Kansas City Royals,140925250,80,80.0,702,791,0.4437917298026711,71.89426022803272,1761565.625,81.87048884258311,-9.976228614550394,10.022243931850715,32.27812468080874,0.07467232149678948,False
2017,St. Louis Cardinals,152452933,83,83.0,761,705,0.535895276246534,86.81503475193851,1836782.3253012048,82.65850084458609,4.156533907352426,10.022243931850715,32.27812468080874,0.07467232149678948,False
2017,Chicago Cubs,172189880,92,92.0,822,695,0.5790603341003848,93.80777412426234,1871629.1304347827,83.87862795380724,9.929146170455098,10.022243931850715,32.27812468080874,0.07467232149678948,True
2017,Seattle Mariners,154800918,78,78.0,750,772,0.4862557496995104,78.77343145132069,1984627.1538461535,82.81168061064017,-4.038249159319477,10.022243931850715,32.27812468080874,0.07467232149678948,False
2017,Los Angeles Angels,160375333,80,80.0,710,709,0.5006568641642768,81.10641199461284,2004691.6625,83.16623761385921,-2.059825619246368,10.022243931850715,32.27812468080874,0.07467232149678948,False
2017,Boston Red Sox,199805178,93,93.0,785,668,0.5751566932515784,93.17538430675567,2148442.7741935486,85.36938623058242,7.805998076173253,10.022243931850715,32.27812468080874,0.07467232149678948,True
2017,Baltimore Orioles,163676616,75,75.0,743,841,0.4406876356532672,71.3913969758293,2182354.88,83.3704481320251,-11.979051156195808,10.022243931850715,32.27812468080874,0.07467232149678948,False
2017,New York Yankees,201539699,91,91.0,858,660,0.6221428462725044,100.7871410961457,2214721.967032967,85.45601447374275,15.331126622402948,10.022243931850715,32.27812468080874,0.07467232149678948,True
2017,New York Mets,155187460,70,70.0,735,863,0.4231968236535106,68.55788543186873,2216963.714285714,82.83667522654679,-14.278789794678062,10.022243931850715,32.27812468080874,0.07467232149678948,False
2017,Texas Rangers,175909063,78,78.0,799,816,0.4898183747774611,79.35057671394871,2255244.3974358975,84.09279681838952,-4.742220104440804,10.022243931850715,32.27812468080874,0.07467232149678948,False
2017,Los Angeles Dodgers,242065828,104,104.0,770,580,0.627319744861925,101.62579866763184,2327556.0384615385,87.29232334437476,14.333475323257076,10.022243931850715,32.27812468080874,0.07467232149678948,True
2017,Toronto Blue Jays,177795368,76,76.0,693,784,0.4420958326108685,71.61952488296069,2339412.736842105,84.19969504420153,-12.580170161240844,10.022243931850715,32.27812468080874,0.07467232149678948,False
2017,San Francisco Giants,172354611,64,64.0,639,776,0.4105189815191291,66.50407500609892,2693040.796875,83.88821147311499,-17.384136467016077,10.022243931850715,32.27812468080874,0.07467232149678948,False
2017,Detroit Tigers,199750600,64,64.0,735,894,0.4061695444317695,65.79946619794667,3121103.125,85.36664821970719,-19.567182021760516,10.022243931850715,32.27812468080874,0.07467232149678948,False
2018,Oakland Athletics,68530000,97,97.0,813,674,0.5876510072147149,95.1994631687838,706494.8453608247,72.60687394024679,22.59258922853701,12.97230399247375,17.769421613680404,0.07784999229146783,True
2018,Tampa Bay Rays,78730000,90,90.0,716,646,0.5472448259447352,88.6536618030471,874777.7777777778,74.40681577599226,14.246846027054843,12.97230399247375,17.769421613680404,0.07784999229146783,False
2018,Milwaukee Brewers,90240000,96,96.0,754,659,0.5622502271996129,91.0845368063373,940000.0,76.17686733421088,14.907669472126415,12.97230399247375,17.769421613680404,0.07784999229146783,True
2018,Pittsburgh Pirates,87880000,82,82.0,692,693,0.4993304899425893,80.89153937069948,1071707.3170731708,75.83309427033923,5.058445100360245,12.97230399247375,17.769421613680404,0.07784999229146783,False
2018,Chicago White Sox,72180000,62,62.0,656,848,0.3806878044113422,61.67142431463745,1164193.5483870967,73.28002487283847,-11.608600558201019,12.97230399247375,17.769421613680404,0.07784999229146783,False
2018,Philadelphia Phillies,96850000,80,80.0,677,728,0.466298593988298,75.54037222610427,1210625.0,77.09388731410533,-1.5535150880010633,12.97230399247375,17.769421613680404,0.07784999229146783,False
2018,Atlanta Braves,120540000,90,90.0,759,657,0.5668157402016217,91.82414991266272,1339333.3333333333,79.9324642786039,11.891685634058817,12.97230399247375,17.769421613680404,0.07784999229146783,True
2018,San Diego Padres,96130000,66,66.0,617,767,0.4006442152232978,64.90436286617425,1456515.1515151516,76.99708865918842,-12.092725793014168,12.97230399247375,17.769421613680404,0.07784999229146783,False
2018,Cleveland Guardians,134350000,91,91.0,818,648,0.6078734224248701,98.47549443282897,1476373.6263736263,81.33952711551004,17.13596731731893,12.97230399247375,17.769421613680404,0.07784999229146783,True
2018,Cincinnati Reds,101190000,67,67.0,696,819,0.4233295615711089,68.57938897451965,1510298.5074626866,77.6625483392977,-9.083159364778055,12.97230399247375,17.769421613680404,0.07784999229146783,False
2018,Colorado Rockies,141340000,91,91.0,780,745,0.5217906355020773,84.53008295133652,1553186.8131868131,81.99748237661845,2.5326005747180744,12.97230399247375,17.769421613680404,0.07784999229146783,True
2018,Houston Astros,160040000,103,103.0,797,534,0.6754492724506764,109.42278213700958,1553786.4077669904,83.60936183021758,25.813420306791997,12.97230399247375,17.769421613680404,0.07784999229146783,True
2018,Miami Marlins,98640000,63,63.0,589,809,0.3565977154585035,57.76882990427757,1565714.2857142857,77.33145520117007,-19.562625296892506,12.97230399247375,17.769421613680404,0.07784999229146783,False
2018,Arizona Diamondbacks,132500000,82,82.0,693,644,0.5335463454476065,86.43450796251226,1615853.6585365853,81.15965717449663,5.274850788015627,12.97230399247375,17.769421613680404,0.07784999229146783,False
2018,New York Yankees,168540000,100,100.0,851,669,0.6124243117675783,99.21273850634768,1685400.0,84.28066982310263,14.932068683245049,12.97230399247375,17.769421613680404,0.07784999229146783,True
2018,Minnesota Twins,131910000,78,78.0,738,775,0.476794536405719,77.24071489772648,1691153.8461538462,81.10176471915605,-3.8610498214295745,12.97230399247375,17.769421613680404,0.07784999229146783,False
2018,Seattle Mariners,162480000,89,89.0,677,711,0.4773231217595422,77.32634572504584,1825617.97752809,83.80564749091653,-6.479301765870687,12.97230399247375,17.769421613680404,0.07784999229146783,False
2018,St. Louis Cardinals,161010000,88,88.0,759,691,0.5439027324576255,88.11224265813534,1829659.0909090908,83.68774945308739,4.424493205047952,12.97230399247375,17.769421613680404,0.07784999229146783,False
2018,Chicago Cubs,183460000,95,95.0,761,645,0.5761401472827175,93.33470385980024,1931157.894736842,85.38102669601562,7.953677163784619,12.97230399247375,17.769421613680404,0.07784999229146783,True
2018,New York Mets,154610000,77,77.0,676,707,0.4792690894894825,77.64159249729617,2007922.0779220776,83.16158427071903,-5.519991773422859,12.97230399247375,17.769421613680404,0.07784999229146783,False
2018,Los Angeles Dodgers,186140000,92,92.0,804,610,0.6255907391585642,101.3456997436874,2023260.8695652173,85.56915647970753,15.776543263979875,12.97230399247375,17.769421613680404,0.07784999229146783,True
2018,Detroit Tigers,129920000,64,64.0,630,796,0.3925491001191186,63.59295421929722,2030000.0,80.9045727852234,-17.311618565926175,12.97230399247375,17.769421613680404,0.07784999229146783,False
2018,Texas Rangers,144000000,67,67.0,737,848,0.4329148732290036,70.13220946309859,2149253.731343284,82.2393505216193,-12.10714105852071,12.97230399247375,17.769421613680404,0.07784999229146783,False
2018,Boston Red Sox,235650000,108,108.0,876,647,0.640254246324777,103.72118790461388,2181944.4444444445,88.6286558857683,15.092532018845588,12.97230399247375,17.769421613680404,0.07784999229146783,True
2018,Los Angeles Angels,175100000,80,80.0,721,722,0.4993509440632211,80.89485293824183,2188750.0,84.77600595149869,-3.8811530132568635,12.97230399247375,17.769421613680404,0.07784999229146783,False
2018,Washington Nationals,181590000,82,82.0,771,682,0.5573014509592732,90.28283505540226,2214512.1951219514,85.24812204922804,5.034713006174215,12.97230399247375,17.769421613680404,0.07784999229146783,False
2018,Toronto Blue Jays,162316000,73,73.0,709,832,0.4242453565572487,68.7277477622743,2223506.8493150687,83.79254721852666,-15.06479945625236,12.97230399247375,17.769421613680404,0.07784999229146783,False
2018,Kansas City Royals,129920000,58,58.0,638,833,0.3769931660473633,61.07289289967286,2240000.0,80.9045727852234,-19.831679885550535,12.97230399247375,17.769421613680404,0.07784999229146783,False
2018,San Francisco Giants,208510000,73,73.0,603,699,0.4332302210394415,70.18329580838952,2856301.3698630137,87.04135631584329,-16.85806050745377,12.97230399247375,17.769421613680404,0.07784999229146783,False
2018,Baltimore Orioles,143090000,47,47.0,622,892,0.3352125481625343,54.30443280233056,3044468.085106383,82.1571126438208,-27.852679841490236,12.97230399247375,17.769421613680404,0.07784999229146783,False
2019,Tampa Bay Rays,53444931,96,96.0,769,656,0.573619382082858,92.926339897423,556718.03125,66.9720746309262,25.954265266496805,17.881220436115427,-4.171075184023483,0.18071121499226817,True
2019,Oakland Athletics,91318333,97,97.0,845,680,0.6019130302864115,97.50991090639867,941426.113402062,76.55104031172091,20.958870594677762,17.881220436115427,-4.171075184023483,0.18071121499226817,True
2019,Toronto Blue Jays,63171171,67,67.0,726,828,0.4374426966120531,70.8657168511526,942853.2985074628,69.96174754995849,0.9039693011941097,17.881220436115427,-4.171075184023483,0.18071121499226817,False
2019,San Diego Padres,74033835,70,70.0,682,789,0.4318026093338761,69.95202271208794,1057626.2142857143,72.7990354759915,-2.847012763903564,17.881220436115427,-4.171075184023483,0.18071121499226817,False
2019,Pittsburgh Pirates,74808002,69,69.0,758,911,0.4111804795524016,66.61123768748907,1084173.9420289856,72.9850473647928,-6.37380967730374,17.881220436115427,-4.171075184023483,0.18071121499226817,False
2019,Minnesota Twins,113326933,101,101.0,939,754,0.605946429591788,98.16332159386964,1122048.8415841584,80.41204796295065,17.751273630918988,17.881220436115427,-4.171075184023483,0.18071121499226817,True
2019,Atlanta Braves,113376043,97,97.0,855,743,0.5672940308619361,91.90163299963363,1168825.1855670102,80.4197950756251,11.48183792400853,17.881220436115427,-4.171075184023483,0.18071121499226817,True
2019,Chicago White Sox,88312121,72,72.0,708,832,0.4234676585478033,68.60176068474414,1226557.236111111,75.95248079571543,-7.350720110971295,17.881220436115427,-4.171075184023483,0.18071121499226817,False
2019,Miami Marlins,71239714,57,57.0,615,808,0.3753762838959164,60.81095799113846,1249819.5438596492,72.11111319341812,-11.300155202279662,17.881220436115427,-4.171075184023483,0.18071121499226817,False
2019,Arizona Diamondbacks,107901831,85,85.0,813,743,0.5429788278917799,87.96257011846834,1269433.3058823529,79.53488447484416,8.427685643624173,17.881220436115427,-4.171075184023483,0.18071121499226817,False
2019,Cleveland Guardians,118991701,93,93.0,769,657,0.5729383657013362,92.81601524361646,1279480.6559139786,81.28423841693872,11.531776826677742,17.881220436115427,-4.171075184023483,0.18071121499226817,False
2019,Baltimore Orioles,72682882,54,54.0,729,981,0.3580329369690319,58.00133578898316,1345979.2962962964,72.46972915518032,-14.468393366197155,17.881220436115427,-4.171075184023483,0.18071121499226817,False
2019,Texas Rangers,106017564,78,78.0,810,878,0.4605937573155919,74.61618868512589,1359199.5384615385,79.21986988723587,-4.603681202109982,17.881220436115427,-4.171075184023483,0.18071121499226817,False
2019,Milwaukee Brewers,121530400,89,89.0,769,766,0.5018632182000439,81.30184134840711,1365510.1123595503,81.66172324796845,-0.3598818995613442,17.881220436115427,-4.171075184023483,0.18071121499226817,True
2019,Los Angeles Dodgers,152119998,106,106.0,886,613,0.667648616698691,108.15907590518796,1435094.3207547169,85.67615080234606,22.482925102841904,17.881220436115427,-4.171075184023483,0.18071121499226817,True
2019,Houston Astros,159719666,107,107.0,920,640,0.6671154870368395,108.072708899968,1492707.1588785048,86.5478696168819,21.52483928308611,17.881220436115427,-4.171075184023483,0.18071121499226817,True
2019,Kansas City Royals,96547237,59,59.0,691,869,0.3919666746967699,63.49860130087673,1636393.847457627,77.54668140264464,-14.048080101767908,17.881220436115427,-4.171075184023483,0.18071121499226817,False
2019,New York Mets,142149270,86,86.0,791,737,0.5336107702470658,86.44494478002467,1652898.488372093,84.46394769216785,1.9809970878568208,17.881220436115427,-4.171075184023483,0.18071121499226817,False
2019,Cincinnati Reds,126423214,75,75.0,701,711,0.4934084256337711,79.93216495267092,1685642.8533333333,82.3675072255161,-2.4353422728451903,17.881220436115427,-4.171075184023483,0.18071121499226817,False
2019,Philadelphia Phillies,140711962,81,81.0,774,794,0.4877672434717425,79.01829344242229,1737184.7160493827,84.28222577714286,-5.263932334720565,17.881220436115427,-4.171075184023483,0.18071121499226817,False
2019,Washington Nationals,161715381,93,93.0,873,724,0.5892597106158712,95.46007311977114,1738875.064516129,86.76991309804272,8.690160021728417,17.881220436115427,-4.171075184023483,0.18071121499226817,True
2019,St. Louis Cardinals,158370266,91,91.0,764,662,0.566483694886833,91.77035857166696,1740332.5934065934,86.39615740486973,5.374201166797235,17.881220436115427,-4.171075184023483,0.18071121499226817,True
2019,New York Yankees,206084848,103,103.0,943,739,0.6170756136826183,99.96624941658416,2000823.7669902912,91.10521650965943,8.861032906924734,17.881220436115427,-4.171075184023483,0.18071121499226817,True
2019,Seattle Mariners,138864075,68,68.0,758,893,0.4208909423821579,68.1843326659096,2042118.75,84.04584674888768,-15.86151408297809,17.881220436115427,-4.171075184023483,0.18071121499226817,False
2019,Colorado Rockies,145932999,71,71.0,835,958,0.431935637384881,69.97357325635072,2055394.352112676,84.93368561414886,-14.960112357798138,17.881220436115427,-4.171075184023483,0.18071121499226817,False
2019,Detroit Tigers,101923400,47,47.0,582,915,0.2977505943501238,48.23559628472005,2168582.9787234045,78.51564971064249,-30.28005342592244,17.881220436115427,-4.171075184023483,0.18071121499226817,False
2019,Los Angeles Angels,158878583,72,72.0,769,868,0.4414681486478777,71.51784008095619,2206646.986111111,86.45345839199891,-14.935618311042717,17.881220436115427,-4.171075184023483,0.18071121499226817,False
2019,San Francisco Giants,178271237,77,77.0,678,773,0.4388026262663802,71.0860254551536,2315210.8701298703,88.51276545613696,-17.426740000983358,17.881220436115427,-4.171075184023483,0.18071121499226817,False
2019,Boston Red Sox,202921500,84,84.0,901,828,0.5415784611348382,87.7357107038438,2415732.1428571427,90.82861615328264,-3.0929054494388453,17.881220436115427,-4.171075184023483,0.18071121499226817,False
2019,Chicago Cubs,205556714,84,84.0,814,717,0.560144760866467,90.74345126036766,2447103.738095238,91.05933345737675,-0.3158821970090884,17.881220436115427,-4.171075184023483,0.18071121499226817,False
2020,Miami Marlins,47861700,31,83.7,263,304,0.4314301321396738,69.89168140662716,571824.3727598566,70.68094305881547,-0.7892616521883156,11.970090193923397,24.376856402915745,0.1309632277720888,True
2020,Tampa Bay Rays,65812166,40,108.0,289,229,0.6063522436044038,98.2290634639134,609371.9074074074,74.49328646410464,23.735776999808763,11.970090193923397,24.376856402915745,0.1309632277720888,True
2020,Baltimore Orioles,52415682,25,67.5,274,294,0.466476621483364,75.56921268030497,776528.6222222223,71.76890718093004,3.800305499374929,11.970090193923397,24.376856402915745,0.1309632277720888,False
2020,Pittsburgh Pirates,42119000,19,51.3,219,298,0.3608884925589584,58.46393579455127,821033.1384015596,69.15096614835461,-10.687030353803344,11.970090193923397,24.376856402915745,0.1309632277720888,False
2020,Cleveland Guardians,89004234,35,94.5,248,209,0.5760086798219199,93.31340613115104,941843.746031746,78.10680803629374,15.206598094857299,11.970090193923397,24.376856402915745,0.1309632277720888,True
2020,Seattle Mariners,70343800,27,72.9,254,303,0.4171779578706194,67.58282917504035,964935.5281207132,75.29037398062329,-7.707544805582941,11.970090193923397,24.376856402915745,0.1309632277720888,False
2020,Oakland Athletics,94318433,36,97.2,274,232,0.5761101231648794,93.32983995271049,970354.2489711932,78.80098589547309,14.528854057237396,11.970090193923397,24.376856402915745,0.1309632277720888,True
2020,Toronto Blue Jays,92582371,32,86.4,302,312,0.4841302877445646,78.42910661461947,1071555.2199074074,78.57860679423861,-0.14950017961913886,11.970090193923397,24.376856402915745,0.1309632277720888,True
2020,Kansas City Royals,83278225,26,70.2,248,272,0.4571860507684283,74.06414022448539,1186299.5014245014,77.31083496927421,-3.246694744788826,11.970090193923397,24.376856402915745,0.1309632277720888,False
2020,Milwaukee Brewers,97535926,29,78.3,247,264,0.4692674991978789,76.02133487005639,1245669.5530012771,79.20251227069556,-3.1811774006391715,11.970090193923397,24.376856402915745,0.1309632277720888,True
2020,Chicago White Sox,120898499,35,94.5,306,246,0.6017200785534631,97.47865272566102,1279349.1957671957,81.77285644601393,15.705796279647089,11.970090193923397,24.376856402915745,0.1309632277720888,True
2020,Arizona Diamondbacks,86471066,25,67.5,269,295,0.4562329823906941,73.90974314729246,1281052.8296296296,77.76118268529501,-3.851439538002552,11.970090193923397,24.376856402915745,0.1309632277720888,False
2020,Minnesota Twins,127610333,36,97.2,269,215,0.6005972356193685,97.2967521703377,1312863.508230453,82.41960047822036,14.877151692117337,11.970090193923397,24.376856402915745,0.1309632277720888,True
2020,San Diego Padres,140317600,37,99.9,325,241,0.6386318764059142,103.45836397775813,1404580.5805805805,83.55588615724933,19.902477820508793,11.970090193923397,24.376856402915745,0.1309632277720888,True
2020,Detroit Tigers,96832300,23,62.1,249,318,0.3844803071072455,62.28580975137378,1559296.2962962962,79.1158468352154,-16.83003708384161,11.970090193923397,24.376856402915745,0.1309632277720888,False
2020,Atlanta Braves,149466875,35,94.5,348,288,0.5920948430414452,95.91936457271412,1581660.052910053,84.31199332322963,11.607371249484487,11.970090193923397,24.376856402915745,0.1309632277720888,True
2020,Los Angeles Dodgers,189065000,43,116.1,349,213,0.7187720694746874,116.44107525489936,1628466.8389319554,87.12515693685867,29.315918318040687,11.970090193923397,24.376856402915745,0.1309632277720888,True
2020,Cincinnati Reds,143143673,31,83.7,243,243,0.5,81.0,1710199.1995221027,83.79457463304048,-2.794574633040483,11.970090193923397,24.376856402915745,0.1309632277720888,True
2020,San Francisco Giants,144994027,29,78.3,299,297,0.5032427655373858,81.5253280170565,1851775.5683269475,83.94831507551217,-2.422987058455675,11.970090193923397,24.376856402915745,0.1309632277720888,False
2020,Boston Red Sox,120361000,24,64.8,292,351,0.4101091239785601,66.43767808452674,1857422.8395061728,81.71952033132654,-15.281842246799798,11.970090193923397,24.376856402915745,0.1309632277720888,False
2020,Colorado Rockies,136399833,26,70.2,275,353,0.3799195640542092,61.546969376781895,1943017.564102564,83.21691829649984,-21.669948919717946,11.970090193923397,24.376856402915745,0.1309632277720888,False
2020,St. Louis Cardinals,160781766,30,81.0,240,229,0.5213563955894837,84.45973608549635,1984960.0740740744,85.18548861124069,-0.7257525257443405,11.970090193923397,24.376856402915745,0.1309632277720888,True
2020,Philadelphia Phillies,152877962,28,75.6,306,311,0.4920912005790325,79.71877449380327,2022195.2645502647,84.58210047631917,-4.863325982515903,11.970090193923397,24.376856402915745,0.1309632277720888,False
2020,New York Mets,142288337,26,70.2,286,308,0.4642881698754545,75.21468351982364,2026899.387464387,83.72283439820987,-8.508150878386232,11.970090193923397,24.376856402915745,0.1309632277720888,False
2020,Chicago Cubs,188959500,34,91.8,265,240,0.5455286077265031,88.37563445169351,2058382.3529411769,87.11847565271837,1.2571587989751407,11.970090193923397,24.376856402915745,0.1309632277720888,True
2020,Washington Nationals,159242411,26,70.2,293,301,0.486999824494444,78.89397156809994,2268410.413105413,85.07033255974527,-6.176360991645325,11.970090193923397,24.376856402915745,0.1309632277720888,False
2020,Texas Rangers,137834500,22,59.4,224,312,0.3495067041174749,56.62008606703094,2320446.127946128,83.34216337338682,-26.722077306355885,11.970090193923397,24.376856402915745,0.1309632277720888,False
2020,New York Yankees,214291339,33,89.1,315,270,0.5735474718546795,92.91469044045807,2405065.533108867,88.6243582457469,4.290332194711169,11.970090193923397,24.376856402915745,0.1309632277720888,True
2020,Los Angeles Angels,176329344,26,70.2,294,321,0.4572678334430726,74.07738901777776,2511814.017094017,86.29039454158826,-12.213005523810494,11.970090193923397,24.376856402915745,0.1309632277720888,False
2020,Houston Astros,212321933,29,78.3,279,275,0.5068321696169173,82.10681147794061,2711646.6538952747,88.51384065776425,-6.407029179823638,11.970090193923397,24.376856402915745,0.1309632277720888,True
2021,Cleveland Guardians,46833300,80,80.0,717,727,0.4935129034875423,79.94909036498186,585416.25,70.0233919693466,9.925698395635251,13.368243847526022,18.60117886637826,0.20586951784452934,False
2021,Pittsburgh Pirates,35905000,61,61.0,609,833,0.3574174509117572,57.901627047704665,588606.5573770492,66.47120992923337,-8.569582881528703,13.368243847526022,18.60117886637826,0.20586951784452934,False
2021,Tampa Bay Rays,60388600,100,100.0,857,651,0.6275084062724647,101.65636181613928,603886.0,73.42167785377063,28.23468396236865,13.368243847526022,18.60117886637826,0.20586951784452934,True
2021,Seattle Mariners,64553500,90,90.0,697,748,0.4669652593911683,75.64837202136927,717261.1111111111,74.31325940134265,1.3351126200266208,13.368243847526022,18.60117886637826,0.20586951784452934,False
2021,Miami Marlins,49425000,67,67.0,623,701,0.4463149259393662,72.30301800217732,737686.567164179,70.74343072456392,1.559587277613403,13.368243847526022,18.60117886637826,0.20586951784452934,False
2021,Oakland Athletics,74615000,86,86.0,743,687,0.5365359174349495,86.91881862446182,867616.2790697674,76.24961238603659,10.669206238425232,13.368243847526022,18.60117886637826,0.20586951784452934,False
2021,Baltimore Orioles,45701135,52,52.0,659,956,0.3274421586169405,53.04562969594437,878867.9807692308,69.696252929982,-16.650623234037624,13.368243847526022,18.60117886637826,0.20586951784452934,False
2021,Milwaukee Brewers,87569366,95,95.0,738,623,0.577380091122265,93.53557476180691,921782.8,78.38973018824187,15.145844573565043,13.368243847526022,18.60117886637826,0.20586951784452934,True
2021,Detroit Tigers,80398600,77,77.0,697,756,0.4619465481818439,74.83534080545871,1044137.6623376624,77.24762135377954,-2.4122805483208225,13.368243847526022,18.60117886637826,0.20586951784452934,False
2021,Kansas City Royals,87779400,74,74.0,686,788,0.4350566014741152,70.47916943880666,1186208.1081081082,78.42175535882207,-7.942585920015404,13.368243847526022,18.60117886637826,0.20586951784452934,False
2021,San Francisco Giants,127889903,107,107.0,804,594,0.6368955681877755,103.17708204641964,1195232.738317757,83.45279917691192,19.724282869507718,13.368243847526022,18.60117886637826,0.20586951784452934,True
2021,Chicago White Sox,125987500,93,93.0,796,636,0.6033443967983768,97.74179228133704,1354704.3010752688,83.25244843342756,14.489343847909481,13.368243847526022,18.60117886637826,0.20586951784452934,True
2021,Colorado Rockies,103986666,74,74.0,739,796,0.4645788881094662,75.26177987373353,1405225.2162162163,80.68681485633623,-5.425034982602696,13.368243847526022,18.60117886637826,0.20586951784452934,False
2021,Texas Rangers,84868750,60,60.0,625,815,0.3782665470752618,61.27918062619242,1414479.1666666667,77.97096609805156,-16.69178547185914,13.368243847526022,18.60117886637826,0.20586951784452934,False
2021,Cincinnati Reds,118748164,83,83.0,786,760,0.5160619278364215,83.60203230950027,1430700.7710843373,82.46134632315987,1.1406859863404009,13.368243847526022,18.60117886637826,0.20586951784452934,False
2021,St. Louis Cardinals,135047200,90,90.0,706,672,0.5227939946566894,84.69262713438368,1500524.4444444445,84.18076136092505,0.5118657734586378,13.368243847526022,18.60117886637826,0.20586951784452934,True
2021,Toronto Blue Jays,137133333,91,91.0,846,663,0.6136009822281939,99.40335912096742,1506959.7032967033,84.38568770481275,15.01767141615467,13.368243847526022,18.60117886637826,0.20586951784452934,False
2021,Atlanta Braves,134459435,88,88.0,790,656,0.5863747066704613,94.99270248061474,1527948.125,84.12245186288678,10.870250617727962,13.368243847526022,18.60117886637826,0.20586951784452934,True
2021,Minnesota Twins,121003834,73,73.0,729,834,0.435880152096797,70.61258463968112,1657586.7671232878,82.71289990037631,-12.100315260695197,13.368243847526022,18.60117886637826,0.20586951784452934,False
2021,Arizona Diamondbacks,89077233,52,52.0,679,893,0.3714612982262947,60.17673031265975,1713023.7115384615,78.61796015100548,-18.441229838345727,13.368243847526022,18.60117886637826,0.20586951784452934,False
2021,Houston Astros,171018567,95,95.0,863,658,0.6261552043285018,101.43714310121727,1800195.4421052632,87.33764250269284,14.099500598524429,13.368243847526022,18.60117886637826,0.20586951784452934,True
2021,Boston Red Sox,180261996,92,92.0,829,749,0.5486046443991683,88.87395239266527,1959369.5217391304,88.04133611618481,0.832616276480465,13.368243847526022,18.60117886637826,0.20586951784452934,True
2021,New York Yankees,191205631,92,92.0,711,669,0.5281209702144576,85.55559717474213,2078322.0760869563,88.82923534388665,-3.273638169144519,13.368243847526022,18.60117886637826,0.20586951784452934,True
2021,Chicago Cubs,149665500,71,71.0,705,839,0.4176695496623967,67.66246704530828,2107964.7887323946,85.55472883612858,-17.8922617908203,13.368243847526022,18.60117886637826,0.20586951784452934,False
2021,Philadelphia Phillies,174009000,82,82.0,734,745,0.4929850580318297,79.86357940115641,2122060.975609756,87.56937957215608,-7.705800170999666,13.368243847526022,18.60117886637826,0.20586951784452934,False
2021,San Diego Padres,171686600,79,79.0,729,708,0.5136683004631262,83.21426467502644,2173248.101265823,87.38975983393424,-4.175495158907793,13.368243847526022,18.60117886637826,0.20586951784452934,False
2021,New York Mets,167415024,77,77.0,636,668,0.4776851045018951,77.384986929307,2174221.090909091,87.05294935482931,-9.667962425522305,13.368243847526022,18.60117886637826,0.20586951784452934,False
2021,Los Angeles Dodgers,235412876,106,106.0,830,561,0.6739365650348518,109.17772353564598,2220876.1886792453,91.60971564130297,17.568007894343012,13.368243847526022,18.60117886637826,0.20586951784452934,True
2021,Los Angeles Angels,177353000,77,77.0,723,804,0.4496291692928351,72.83992542543929,2303285.714285714,87.82384509327264,-14.983919667833348,13.368243847526022,18.60117886637826,0.20586951784452934,False
2021,Washington Nationals,161907528,65,65.0,724,820,0.4408267375046097,71.41393147574678,2490885.046153846,86.6057743031947,-15.191842827447928,13.368243847526022,18.60117886637826,0.20586951784452934,False
2022,Baltimore Orioles,30221166,83,83.0,674,688,0.4905319109985117,79.4661695817589,364110.4337349398,62.1195359955377,17.346633586221202,14.129404129863516,13.958860956594426,0.3029811519274327,False
2022,Cleveland Guardians,42310000,92,92.0,698,634,0.5438997951691145,88.11176681739654,459891.3043478261,66.87381096561418,21.23795585178236,14.129404129863516,13.958860956594426,0.3029811519274327,True
2022,Oakland Athletics,32548334,60,60.0,568,770,0.3640740653154422,58.97999858110163,542472.2333333333,63.16770669174481,-4.187708110643179,14.129404129863516,13.958860956594426,0.3029811519274327,False
2022,Pittsburgh Pirates,37875000,62,62.0,591,817,0.3538135173701578,57.317789813965575,610887.0967741936,65.30923094887433,-7.991441134908754,14.129404129863516,13.958860956594426,0.3029811519274327,False
2022,Tampa Bay Rays,75347813,86,86.0,666,614,0.5367162627678908,86.9480345683983,876137.3604651163,75.0277690758006,11.920265492597693,14.129404129863516,13.958860956594426,0.3029811519274327,True
2022,Miami Marlins,69000000,69,69.0,586,676,0.4359715057277503,70.62738392789555,1000000.0,73.78426288893293,-3.1568789610373784,14.129404129863516,13.958860956594426,0.3029811519274327,False
2022,Arizona Diamondbacks,75993333,74,74.0,702,740,0.4753379849793482,77.00475356665441,1026936.9324324324,75.14830296241855,1.8564506042358602,14.129404129863516,13.958860956594426,0.3029811519274327,False
2022,Seattle Mariners,92745714,90,90.0,690,623,0.5464211728068288,88.52022999470626,1030507.9333333332,77.96310460361428,10.557125391091972,14.129404129863516,13.958860956594426,0.3029811519274327,True
2022,Kansas City Royals,74110000,65,65.0,640,810,0.3912954688387575,63.38986595187871,1140153.8461538462,74.79372363300564,-11.40385768112693,14.129404129863516,13.958860956594426,0.3029811519274327,False
2022,Minnesota Twins,110859524,78,78.0,696,684,0.5080400761673699,82.30249233911393,1421275.9487179487,80.48382364720896,1.8186686919049606,14.129404129863516,13.958860956594426,0.3029811519274327,False
2022,Milwaukee Brewers,122281128,86,86.0,725,688,0.5243637855850299,84.94693326477486,1421873.5813953488,81.86933707018358,3.0775961945912798,14.129404129863516,13.958860956594426,0.3029811519274327,False
2022,Houston Astros,163939599,106,106.0,737,518,0.6535244073489868,105.87095399053584,1546599.9905660378,86.01172992281616,19.85922406771968,14.129404129863516,13.958860956594426,0.3029811519274327,True
2022,Cincinnati Reds,99580000,62,62.0,648,815,0.3938363293633954,63.80148535687005,1606129.0322580645,78.9677031324864,-15.166217775616353,14.129404129863516,13.958860956594426,0.3029811519274327,False
2022,St. Louis Cardinals,150746666,93,93.0,772,637,0.5884585747471025,95.3302891090306,1620931.8924731184,84.82631047328616,10.503978635744446,14.129404129863516,13.958860956594426,0.3029811519274327,True
2022,Atlanta Braves,173935000,101,101.0,789,609,0.6179048662526463,100.1005883329287,1722128.712871287,86.84795899570868,13.252629337220014,14.129404129863516,13.958860956594426,0.3029811519274327,True
2022,San Francisco Giants,142292500,81,81.0,716,697,0.5125163261820164,83.02764484148665,1756697.5308641975,84.01081889903561,-0.9831740575489647,14.129404129863516,13.958860956594426,0.3029811519274327,False
2022,Detroit Tigers,116040000,66,66.0,557,713,0.3903426310907926,63.23550623670841,1758181.818181818,81.12912920296918,-17.89362296626077,14.129404129863516,13.958860956594426,0.3029811519274327,False
2022,Chicago Cubs,130560000,74,74.0,657,731,0.45073394318615,73.01889879615631,1764324.3243243245,82.79495672974382,-9.77605793358751,14.129404129863516,13.958860956594426,0.3029811519274327,False
2022,Toronto Blue Jays,168070905,92,92.0,775,679,0.5617464237546921,91.00292064826012,1826857.6630434785,86.36338087584602,4.639539772414096,14.129404129863516,13.958860956594426,0.3029811519274327,True
2022,Colorado Rockies,129452166,68,68.0,698,873,0.394267810844795,63.8713853568568,1903708.323529412,82.67455367894719,-18.803168322090393,14.129404129863516,13.958860956594426,0.3029811519274327,False
2022,Texas Rangers,134961333,68,68.0,707,743,0.4767265041216735,77.22969366771112,1984725.4852941176,83.26342311416563,-6.033729446454515,14.129404129863516,13.958860956594426,0.3029811519274327,False
2022,Washington Nationals,114623095,55,55.0,603,855,0.3416324643576584,55.34445922594067,2084056.2727272727,80.95554031418949,-25.611081088248824,14.129404129863516,13.958860956594426,0.3029811519274327,False
2022,Chicago White Sox,181660734,81,81.0,686,717,0.4794800896223884,77.67577451882693,2242725.111111111,87.46201134666866,-9.786236827841734,14.129404129863516,13.958860956594426,0.3029811519274327,False
2022,Los Angeles Angels,169413094,73,73.0,623,668,0.4684093622390206,75.88231668272134,2320727.315068493,86.47576801622809,-10.59345133350675,14.129404129863516,13.958860956594426,0.3029811519274327,False
2022,San Diego Padres,208772618,89,89.0,705,660,0.5303616164008175,85.91858185693243,2345759.752808989,89.42748011563897,-3.5088982587065374,14.129404129863516,13.958860956594426,0.3029811519274327,True
2022,New York Yankees,240290714,99,99.0,807,567,0.6574456837957074,106.5062007749046,2427178.92929293,91.41412790187381,15.092072873030787,14.129404129863516,13.958860956594426,0.3029811519274327,True
2022,Los Angeles Dodgers,277108333,111,111.0,847,513,0.7157390617440073,115.94972800252916,2496471.4684684686,93.42840197788728,22.52132602464188,14.129404129863516,13.958860956594426,0.3029811519274327,True
2022,Boston Red Sox,195166000,78,78.0,735,787,0.4675407304245861,75.74159832878294,2502128.205128205,88.47522568751197,-12.733627358729024,14.129404129863516,13.958860956594426,0.3029811519274327,False
2022,New York Mets,253119999,101,101.0,772,606,0.6100553732961933,98.82897047398332,2506138.6039603963,92.1490572997698,6.6799131742135245,14.129404129863516,13.958860956594426,0.3029811519274327,True
2022,Philadelphia Phillies,221738462,87,87.0,747,685,0.5403986973829167,87.5445889760325,2548717.9540229887,90.27881741713325,-2.734228441100754,14.129404129863516,13.958860956594426,0.3029811519274327,True
2023,Baltimore Orioles,64907966,101,101.0,807,678,0.5815064641936669,94.20404719937405,642653.1287128713,74.36387309685973,19.84017410251431,9.223246427864726,35.87553914092969,0.11938100436498511,True
2023,Tampa Bay Rays,64652911,99,99.0,860,665,0.6199603898151331,100.43358315005156,653059.7070707071,74.32755907659319,26.10602407345837,9.223246427864726,35.87553914092969,0.11938100436498511,True
2023,Pittsburgh Pirates,60787500,76,76.0,692,790,0.4378228319071998,70.92729876896638,799835.5263157894,73.75895556759863,-2.8316567986322525,9.223246427864726,35.87553914092969,0.11938100436498511,False
2023,Oakland Athletics,43145000,50,50.0,585,924,0.2958184684860688,47.92259189474316,862900.0,70.59706399618435,-22.67447210144119,9.223246427864726,35.87553914092969,0.11938100436498511,False
2023,Miami Marlins,81075000,84,84.0,666,723,0.4620357667766299,74.84979421781405,965178.5714285716,76.41516270089946,-1.5653684830854075,9.223246427864726,35.87553914092969,0.11938100436498511,True
2023,Cleveland Guardians,75010000,76,76.0,662,697,0.4763030567068052,77.16109518650245,986973.6842105264,75.69802564566514,1.46306954083731,9.223246427864726,35.87553914092969,0.11938100436498511,False
2023,Cincinnati Reds,86374500,82,82.0,783,821,0.4771392512380799,77.29655870056894,1053347.5609756098,76.99915875325098,0.29739994731795605,9.223246427864726,35.87553914092969,0.11938100436498511,False
2023,Washington Nationals,79983095,71,71.0,700,845,0.411052091565916,66.59043883367839,1126522.4647887324,76.29010145278116,-9.699662619102767,9.223246427864726,35.87553914092969,0.11938100436498511,False
2023,Milwaukee Brewers,108644960,92,92.0,728,647,0.5542629914910743,89.79060462155404,1180923.4782608696,79.11490530502422,10.675699316529816,9.223246427864726,35.87553914092969,0.11938100436498511,True
2023,Arizona Diamondbacks,112763571,84,84.0,746,761,0.4905615983295575,79.47097892938831,1342423.4642857143,79.45808401151571,0.012894917872600331,9.223246427864726,35.87553914092969,0.11938100436498511,True
2023,Detroit Tigers,105338500,78,78.0,661,740,0.4477688505548743,72.53855378988965,1350493.5897435895,78.8298484800187,-6.29129469012905,9.223246427864726,35.87553914092969,0.11938100436498511,False
2023,Kansas City Royals,75825000,56,56.0,676,859,0.3877454188368611,62.8147578515715,1354017.857142857,75.7976977243315,-12.98293987276,9.223246427864726,35.87553914092969,0.11938100436498511,False
2023,Seattle Mariners,129814047,88,88.0,758,659,0.5648341530597291,91.50313279567612,1475159.625,80.75680642627036,10.746326369405764,9.223246427864726,35.87553914092969,0.11938100436498511,False
2023,Minnesota Twins,141271190,87,87.0,778,659,0.5770271242337363,93.47839412586528,1623806.7816091955,81.53689346199118,11.941500663874095,9.223246427864726,35.87553914092969,0.11938100436498511,True
2023,Atlanta Braves,199727500,104,104.0,947,716,0.6331017454533377,102.56248276344073,1920456.7307692308,84.73065062354915,17.831832139891574,9.223246427864726,35.87553914092969,0.11938100436498511,True
2023,Houston Astros,180888333,90,90.0,827,698,0.5799925524090358,93.9587934902638,2009870.3666666667,83.81686632534112,10.141927164922677,9.223246427864726,35.87553914092969,0.11938100436498511,True
2023,Texas Rangers,183578160,90,90.0,881,716,0.5986697946311841,96.98450673025182,2039757.3333333333,83.95300716782381,13.03149956242801,9.223246427864726,35.87553914092969,0.11938100436498511,True
2023,St. Louis Cardinals,147770834,71,71.0,719,829,0.4323932778936193,70.04771101876632,2081279.352112676,81.95176687668345,-11.904055857917129,9.223246427864726,35.87553914092969,0.11938100436498511,False
2023,Chicago Cubs,180115000,83,83.0,819,723,0.5592276580633728,90.5948806062664,2170060.2409638553,83.77735061405428,6.8175299922121155,9.223246427864726,35.87553914092969,0.11938100436498511,False
2023,Los Angeles Dodgers,218332634,100,100.0,906,699,0.6226817375809999,100.87444148812196,2183326.34,85.55212650434336,15.322314983778597,9.223246427864726,35.87553914092969,0.11938100436498511,True
2023,San Francisco Giants,175590000,79,79.0,674,719,0.4700741622294879,76.15201428117703,2222658.2278481014,83.54267614149632,-7.390661860319284,9.223246427864726,35.87553914092969,0.11938100436498511,False
2023,Boston Red Sox,175783182,78,78.0,772,776,0.4975306086067941,80.59995859430065,2253630.5384615385,83.55281786808348,-2.9528592737828347,9.223246427864726,35.87553914092969,0.11938100436498511,False
2023,Toronto Blue Jays,205680777,89,89.0,746,671,0.5492007976400703,88.97052921769139,2311019.966292135,85.00155031284923,3.96897890484216,9.223246427864726,35.87553914092969,0.11938100436498511,True
2023,Philadelphia Phillies,232424939,90,90.0,796,715,0.5507489590060722,89.2213313589837,2582499.322222222,86.12901830333317,3.0923130556505356,9.223246427864726,35.87553914092969,0.11938100436498511,True
2023,Los Angeles Angels,204088094,73,73.0,739,829,0.4451061743005086,72.1072002366824,2795727.315068493,84.9298524226303,-12.822652185947902,9.223246427864726,35.87553914092969,0.11938100436498511,False
2023,Colorado Rockies,166250466,59,59.0,721,957,0.3649625524584804,59.12393349827384,2817804.5084745763,83.03856808416504,-23.914634585891193,9.223246427864726,35.87553914092969,0.11938100436498511,False
2023,San Diego Padres,236962024,82,82.0,752,648,0.5686643494302267,92.12362460769673,2889780.7804878047,86.30732728782368,5.816297319873044,9.223246427864726,35.87553914092969,0.11938100436498511,False
2023,Chicago White Sox,180911666,61,61.0,641,841,0.3745860626074455,60.682942142406176,2965765.016393442,83.81805596608072,-23.135113823674544,9.223246427864726,35.87553914092969,0.11938100436498511,False
2023,New York Yankees,268954047,82,82.0,673,698,0.48317497803305,78.2743464413541,3279927.4024390243,87.47536515525252,-9.20101871389842,9.223246427864726,35.87553914092969,0.11938100436498511,False
2023,New York Mets,334233332,75,75.0,717,729,0.4922232991153838,79.74017445669219,4456444.426666667,89.47956564551876,-9.739391188826573,9.223246427864726,35.87553914092969,0.11938100436498511,False
2024,Oakland Athletics,47905000,69,69.0,643,764,0.4205184771314256,68.12399329529094,694275.3623188406,70.5939964731148,-2.4700031778238554,9.801173019914083,32.67110294673215,0.13100458421528804,False
2024,Cleveland Guardians,86433928,92,92.0,708,621,0.5597854874536676,90.68524896749416,939499.2173913044,76.3782606709722,14.306988296521965,9.801173019914083,32.67110294673215,0.13100458421528804,True
2024,Pittsburgh Pirates,72014000,76,76.0,665,739,0.4511333816541047,73.08360782796497,947552.6315789474,74.58935312599523,-1.5057452980302628,9.801173019914083,32.67110294673215,0.13100458421528804,False
2024,Milwaukee Brewers,94484960,93,93.0,777,641,0.588705418065575,95.37027772662314,1015967.3118279568,77.25115690847826,18.11912081814488,9.801173019914083,32.67110294673215,0.13100458421528804,True
2024,Baltimore Orioles,94495168,91,91.0,786,699,0.5551624721978188,89.93632049604665,1038408.4395604396,77.25221575392771,12.684104742118933,9.801173019914083,32.67110294673215,0.13100458421528804,True
2024,Tampa Bay Rays,88066012,80,80.0,604,663,0.4580527326760915,74.20454269352682,1100825.15,76.56160519394842,-2.3570625004216055,9.801173019914083,32.67110294673215,0.13100458421528804,False
2024,Detroit Tigers,95073933,86,86.0,682,642,0.5275856999174338,85.46888338662427,1105510.8488372094,77.31206299166865,8.156820394955616,9.801173019914083,32.67110294673215,0.13100458421528804,True
2024,Cincinnati Reds,88123333,77,77.0,699,694,0.5033278788340182,81.53911637111095,1144458.87012987,76.56798257231367,4.971133798797283,9.801173019914083,32.67110294673215,0.13100458421528804,False
2024,Kansas City Royals,105219570,86,86.0,735,644,0.5607923581278333,90.848362016709,1223483.3720930233,78.30584781955727,12.542514197151732,9.801173019914083,32.67110294673215,0.13100458421528804,True
2024,Washington Nationals,95371429,71,71.0,660,764,0.4321566765450894,70.00938160030448,1343259.5633802817,77.34268397513407,-7.333302374829586,9.801173019914083,32.67110294673215,0.13100458421528804,False
2024,Miami Marlins,83710000,62,62.0,637,841,0.3719170646907497,60.25056447990146,1350161.2903225806,76.06440908413978,-15.81384460423832,9.801173019914083,32.67110294673215,0.13100458421528804,False
2024,Minnesota Twins,118886590,82,82.0,742,735,0.5044684883598058,81.72389511428855,1449836.463414634,79.50277396745582,2.221121146832729,9.801173019914083,32.67110294673215,0.13100458421528804,False
2024,Seattle Mariners,129158333,85,85.0,676,607,0.5485924717115064,88.87198041726403,1519509.8,80.3149876278035,8.556992789460523,9.801173019914083,32.67110294673215,0.13100458421528804,False
2024,San Diego Padres,153765453,93,93.0,760,669,0.5592766360232396,90.60281503576482,1653391.9677419355,82.02420801227294,8.578607023491884,9.801173019914083,32.67110294673215,0.13100458421528804,True
2024,Arizona Diamondbacks,156511716,89,89.0,886,788,0.5570335267690734,90.23943133658987,1758558.606741573,82.19771289389081,8.041718442699064,9.801173019914083,32.67110294673215,0.13100458421528804,False
2024,St. Louis Cardinals,164301667,83,83.0,672,719,0.4687145482805988,75.93175682145701,1979538.156626506,82.67378822376742,-6.742031402310403,9.801173019914083,32.67110294673215,0.13100458421528804,False
2024,Boston Red Sox,162324847,81,81.0,751,747,0.5025278808238739,81.40951669346757,2004010.4567901231,82.55514879560361,-1.145632102136048,9.801173019914083,32.67110294673215,0.13100458421528804,False
2024,Colorado Rockies,134099285,61,61.0,682,929,0.354904108658658,57.4944656027026,2198348.9344262294,80.68293757178942,-23.188471969086827,9.801173019914083,32.67110294673215,0.13100458421528804,False
2024,Los Angeles Dodgers,220691666,98,98.0,842,686,0.5963248632869492,96.60462785248578,2251955.775510204,85.56574566001433,11.038882192471448,9.801173019914083,32.67110294673215,0.13100458421528804,True
2024,San Francisco Giants,188767909,80,80.0,693,699,0.4960045185735536,80.3527320089157,2359598.8625,84.03432918334167,-3.681597174425974,9.801173019914083,32.67110294673215,0.13100458421528804,False
2024,Philadelphia Phillies,236182617,95,95.0,784,671,0.572543133581775,92.75198764024756,2486132.8105263156,86.23064504268618,6.521342597561386,9.801173019914083,32.67110294673215,0.13100458421528804,True
2024,Los Angeles Angels,158818094,63,63.0,635,797,0.3953908458746173,64.05331703168801,2520922.126984127,82.3410904765258,-18.287773444837796,9.801173019914083,32.67110294673215,0.13100458421528804,False
2024,Atlanta Braves,225315000,89,89.0,704,607,0.5671311983582912,91.87525413404316,2531629.213483146,85.76895212799765,6.10630200604551,9.801173019914083,32.67110294673215,0.13100458421528804,True
2024,Chicago Cubs,216330000,83,83.0,736,669,0.5442397973516588,88.16684717096874,2606385.5421686745,85.3700992381427,2.7967479328260367,9.801173019914083,32.67110294673215,0.13100458421528804,False
2024,Houston Astros,237303141,88,88.0,740,649,0.560588310488574,90.815306299149,2696626.602272727,86.27703490727644,4.538271391872556,9.801173019914083,32.67110294673215,0.13100458421528804,True
2024,Texas Rangers,221955000,78,78.0,683,738,0.463953325052792,75.16043865855231,2845576.923076923,85.62169181159359,-10.461253153041284,9.801173019914083,32.67110294673215,0.13100458421528804,False
2024,Chicago White Sox,117773333,41,41.0,507,813,0.2968756122521331,48.09384918484556,2872520.3170731706,79.41056312908117,-31.31671394423561,9.801173019914083,32.67110294673215,0.13100458421528804,False
2024,Toronto Blue Jays,221876784,74,74.0,671,743,0.4526875144617251,73.33537734279948,2998334.918918919,85.61823731110715,-12.282859968307676,9.801173019914083,32.67110294673215,0.13100458421528804,False
2024,New York Yankees,293666666,94,94.0,815,668,0.5927896825055644,96.03192856590144,3124113.4680851065,88.36573285125043,7.6661957146510105,9.801173019914083,32.67110294673215,0.13100458421528804,True
2024,New York Mets,301731074,89,89.0,768,697,0.545498037772556,88.37068211915407,3390236.786516854,88.63125449103072,-0.2605723718766484,9.801173019914083,32.67110294673215,0.13100458421528804,True
2025,Miami Marlins,47000000,79,79.0,709,798,0.4441626368434928,71.95434716864584,594936.7088607595,69.25862768825391,2.6957194803919293,11.04842919802905,26.720544508798977,0.21052750937215303,False
2025,Oakland Athletics,55000000,76,76.0,733,817,0.4483245589413279,72.62857854849513,723684.2105263158,70.99528147875216,1.6332970697429658,11.04842919802905,26.720544508798977,0.21052750937215303,False
2025,Cleveland Guardians,82000000,88,88.0,643,649,0.4957864018543834,80.3173971004101,931818.1818181818,75.40787010778995,4.909526992620158,11.04842919802905,26.720544508798977,0.21052750937215303,True
2025,Tampa Bay Rays,73000000,77,77.0,714,683,0.5205826673085496,84.33439210398504,948051.948051948,74.12338187134226,10.211010232642778,11.04842919802905,26.720544508798977,0.21052750937215303,False
2025,Milwaukee Brewers,94000000,97,97.0,806,634,0.6104868122521158,98.89886358484276,969072.1649484535,76.91681523648393,21.98204834835883,11.04842919802905,26.720544508798977,0.21052750937215303,True
2025,Chicago White Sox,59000000,60,60.0,647,742,0.4368793488248249,70.77445450962163,983333.3333333334,71.77092826010367,-0.9964737504820391,11.04842919802905,26.720544508798977,0.21052750937215303,False
2025,Pittsburgh Pirates,75000000,71,71.0,583,645,0.4549368208384509,73.69976497582904,1056338.028169014,74.4220062445369,-0.7222412687078617,11.04842919802905,26.720544508798977,0.21052750937215303,False
2025,Cincinnati Reds,103000000,83,83.0,716,681,0.523235935463772,84.76422154513106,1240963.8554216868,77.92701958730692,6.837201957824149,11.04842919802905,26.720544508798977,0.21052750937215303,True
2025,Kansas City Royals,113000000,82,82.0,651,637,0.5098527644943428,82.59614784808353,1378048.780487805,78.95075411546726,3.64539373261627,11.04842919802905,26.720544508798977,0.21052750937215303,False
2025,Detroit Tigers,131000000,87,87.0,758,691,0.543280652175679,88.01146565246,1505747.1264367816,80.58381696060763,7.427648691852369,11.04842919802905,26.720544508798977,0.21052750937215303,True
2025,Washington Nationals,100000000,66,66.0,687,899,0.3734048334721144,60.491583022482544,1515151.5151515151,77.60044125356268,-17.108858231080134,11.04842919802905,26.720544508798977,0.21052750937215303,False
2025,Seattle Mariners,138000000,90,90.0,766,694,0.5462484693033904,88.49225202714925,1533333.3333333333,81.15895798998608,7.333294037163171,11.04842919802905,26.720544508798977,0.21052750937215303,True
2025,St. Louis Cardinals,122000000,78,78.0,689,754,0.4578828173853555,74.17701641642759,1564102.564102564,79.79743088737591,-5.620414470948319,11.04842919802905,26.720544508798977,0.21052750937215303,False
2025,San Francisco Giants,158000000,81,81.0,705,684,0.5140033290434168,83.26853930503353,1950617.2839506173,82.65426728949096,0.6142720155425678,11.04842919802905,26.720544508798977,0.21052750937215303,False
2025,Minnesota Twins,137000000,70,70.0,678,773,0.4388026262663802,71.0860254551536,1957142.857142857,81.07860542346442,-9.992579968310821,11.04842919802905,26.720544508798977,0.21052750937215303,False
2025,Baltimore Orioles,150000000,75,75.0,677,788,0.4290725590845688,69.50975457170016,2000000.0,82.08019379276692,-12.570439221066763,11.04842919802905,26.720544508798977,0.21052750937215303,False
2025,Chicago Cubs,184000000,92,92.0,793,649,0.5927371017456735,96.02341048279912,2000000.0,84.33739299901184,11.686017483787282,11.04842919802905,26.720544508798977,0.21052750937215303,True
2025,Boston Red Sox,184000000,89,89.0,786,676,0.5703965454330495,92.40424036015402,2067415.730337079,84.33739299901184,8.06684736114218,11.04842919802905,26.720544508798977,0.21052750937215303,True
2025,Arizona Diamondbacks,174000000,80,80.0,791,785,0.5036570190227263,81.59243708168167,2175000.0,83.72000171088727,-2.127564629205608,11.04842919802905,26.720544508798977,0.21052750937215303,False
2025,San Diego Padres,197000000,90,90.0,702,621,0.5557679749065234,90.03441193485679,2188888.888888889,85.09164684452371,4.942765090333083,11.04842919802905,26.720544508798977,0.21052750937215303,True
2025,Houston Astros,204000000,87,87.0,686,665,0.5142829539469481,83.3138385394056,2344827.5862068967,85.47741672740948,-2.163578188003882,11.04842919802905,26.720544508798977,0.21052750937215303,False
2025,Toronto Blue Jays,233000000,94,94.0,798,721,0.5480737481070527,88.78794719334253,2478723.404255319,86.94595691875338,1.8419902745891505,11.04842919802905,26.720544508798977,0.21052750937215303,True
2025,Texas Rangers,206000000,81,81.0,684,605,0.555413170893956,89.97693368482088,2543209.87654321,85.58520713553693,4.391726549283945,11.04842919802905,26.720544508798977,0.21052750937215303,False
2025,Colorado Rockies,112000000,43,43.0,597,1021,0.2613901396169331,42.345202617943166,2604651.1627906975,78.85254520928281,-36.50734259133964,11.04842919802905,26.720544508798977,0.21052750937215303,False
2025,Atlanta Braves,202000000,76,76.0,724,734,0.4935573749965669,79.95629474944384,2657894.736842105,85.36856432772089,-5.412269578277048,11.04842919802905,26.720544508798977,0.21052750937215303,False
2025,Los Angeles Angels,192000000,72,72.0,673,837,0.397987966062891,64.47405050218835,2666666.6666666665,84.80760988561332,-20.33355938342497,11.04842919802905,26.720544508798977,0.21052750937215303,False
2025,New York Yankees,272000000,94,94.0,849,685,0.600890797928642,97.34430926444,2893617.0212765955,88.65585173643525,8.688457528004747,11.04842919802905,26.720544508798977,0.21052750937215303,True
2025,Philadelphia Phillies,278000000,96,96.0,778,648,0.5845113333883838,94.69083600891815,2895833.3333333335,88.89691793674336,5.79391807217479,11.04842919802905,26.720544508798977,0.21052750937215303,True
2025,Los Angeles Dodgers,321000000,93,93.0,825,683,0.5886346727797204,95.3588169903147,3451612.9032258065,90.48590312829421,4.872913862020482,11.04842919802905,26.720544508798977,0.21052750937215303,True
2025,New York Mets,315000000,83,83.0,766,715,0.532461163679866,86.25870851613828,3795180.7228915663,90.27743601538312,-4.018727499244832,11.04842919802905,26.720544508798977,0.21052750937215303,False
